driver_id;first_name;last_name;email;phone_number;car_make;car_model;license_plate;created_at
1;Noellyn;De Beauchamp;ndebeauchamp0@home.pl;884-707-5045;Mazda;B-Series Plus;PSS-3992;8/20/2024
2;Rayner;Christon;rchriston1@stanford.edu;120-163-5854;Ford;Mustang;VVS-3204;3/23/2024
3;Beaufort;Tebbut;btebbut2@clickbank.net;863-667-3548;Nissan;Altima;NPX-9584;07/05/2024
4;Baillie;Garwell;bgarwell3@senate.gov;586-527-4872;Jeep;Cherokee;JCH-7490;11/09/2024
5;Averil;Antoniewski;aantoniewski4@arstechnica.com;638-158-0162;Chevrolet;SSR;QHJ-7773;6/22/2024
6;Melanie;Lantiff;mlantiff5@smugmug.com;525-532-0425;Ford;Bronco;HYY-3063;4/21/2024
7;Rochelle;Ponting;rponting6@mit.edu;543-512-6439;Bentley;Continental;RXG-5031;1/28/2024
8;Lynde;Kiendl;lkiendl7@accuweather.com;460-891-1458;GMC;Envoy;ZNR-3924;1/18/2024
9;Teddi;Vatcher;tvatcher8@huffingtonpost.com;288-967-5650;Porsche;Cayman;FLI-5522;6/13/2024
10;Alfi;Jennaroy;ajennaroy9@goo.gl;745-897-4181;Land Rover;Range Rover;YAJ-5836;05/09/2024
11;Rubetta;Osichev;rosicheva@biblegateway.com;708-334-3385;Saturn;Astra;UBV-0087;06/08/2024
12;Melinde;Le Maitre;mlemaitreb@about.com;659-109-7388;Dodge;Ram 2500;IOX-4476;2/28/2024
13;Gertrud;Smallpeice;gsmallpeicec@wikia.com;741-673-7611;Chrysler;300;PBJ-7374;05/01/2024
14;Opal;Ludlamme;oludlammed@home.pl;625-970-9608;Mazda;MX-5;XGG-8824;8/16/2024
15;Renault;Draper;rdrapere@thetimes.co.uk;853-773-3480;Dodge;Ram Van B150;BEQ-9876;2/16/2024
16;Simon;Jeste;sjestef@newyorker.com;346-951-2425;Lincoln;MKS;ACP-4256;11/23/2024
17;Otto;Strephan;ostrephang@jigsy.com;143-206-7525;Mazda;MX-5;IBV-6026;10/17/2024
18;Shauna;Cooksley;scooksleyh@pinterest.com;149-627-8127;Chevrolet;Corvette;LNK-2580;2/15/2024
19;Oberon;Harbinson;oharbinsoni@furl.net;756-821-5029;Dodge;Caliber;UEQ-8856;9/20/2024
20;Suzy;McAvaddy;smcavaddyj@infoseek.co.jp;635-731-0975;Mercury;Capri;ZUD-4359;3/24/2024
21;Andrej;Furley;afurleyk@senate.gov;843-953-2406;Lincoln;LS;SGS-9915;5/31/2024
22;Lindsay;Flanigan;lflaniganl@theatlantic.com;653-258-4647;Volkswagen;Cabriolet;OTR-7764;2/21/2024
23;Tamma;Jewel;tjewelm@sakura.ne.jp;635-522-7706;GMC;Sierra 1500;YXB-9812;4/18/2024
24;Adrian;Ropars;aroparsn@purevolume.com;243-536-3828;GMC;Savana 3500;MBL-1621;2/15/2024
25;Ruprecht;Nelsen;rnelseno@shinystat.com;751-413-5982;Subaru;Outback;RTK-4234;6/22/2024
26;Bartie;O' Quirk;boquirkp@t-online.de;314-840-1504;Infiniti;Q;OHD-8018;4/18/2024
27;Marrissa;L'oiseau;mloiseauq@upenn.edu;694-135-4724;Infiniti;Q;LHX-9620;03/07/2024
28;Lola;Fair;lfairr@examiner.com;284-516-2860;Mazda;B-Series Plus;VJD-1605;02/08/2024
29;Isacco;McCrory;imccrorys@tinyurl.com;410-585-2335;GMC;Suburban 2500;JFX-7673;8/20/2024
30;Harwell;Thurlbourne;hthurlbournet@nsw.gov.au;685-290-1002;Cadillac;DeVille;YOJ-3338;8/21/2024
31;Paton;Vanyashin;pvanyashinu@census.gov;349-134-5595;Chevrolet;Express 3500;XTD-1297;12/22/2024
32;Inger;Bladen;ibladenv@free.fr;836-326-8023;Mazda;Miata MX-5;GRJ-7693;11/28/2024
33;Farra;Eddisforth;feddisforthw@mysql.com;619-377-0779;Infiniti;M;OMN-5544;01/09/2025
34;Joy;Oldland;joldlandx@mysql.com;631-728-4951;Chevrolet;Silverado 3500;HMA-6974;4/30/2024
35;Alvira;Cordeau];acordeauy@wordpress.org;714-596-6809;GMC;2500;MDS-9404;8/14/2024
36;Timmie;Stendell;tstendellz@nymag.com;896-160-7159;Suzuki;Samurai;INY-6549;12/15/2024
37;Corena;Badwick;cbadwick10@de.vu;508-477-2650;Alfa Romeo;Spider;GVH-4460;04/01/2024
38;Zilvia;Tolputt;ztolputt11@economist.com;784-802-6837;Cadillac;Catera;FHS-9718;2/22/2024
39;Lemuel;Lamacraft;llamacraft12@cyberchimps.com;459-935-6031;Daewoo;Nubira;IQS-5240;10/07/2024
40;Roanna;Epsly;repsly13@newsvine.com;370-411-7418;Mercedes-Benz;G-Class;LTI-4280;7/21/2024
41;Deloria;Kimbrough;dkimbrough14@boston.com;670-876-2800;Hummer;H1;USU-0203;01/11/2024
42;Hester;Larive;hlarive15@freewebs.com;501-423-1590;Mitsubishi;Diamante;FHJ-4307;7/23/2024
43;Nate;Drewery;ndrewery16@shutterfly.com;880-560-3922;Audi;A3;HIP-1544;06/11/2024
44;Klarrisa;Lunt;klunt17@mit.edu;455-225-8046;Isuzu;Hombre Space;KTS-7665;4/13/2024
45;Gisele;Zanettini;gzanettini18@amazon.de;;Mercury;Mountaineer;PMN-9341;05/10/2024
46;Jerome;Siley;jsiley19@trellian.com;327-716-0689;Mazda;Familia;ZND-6747;10/01/2024
47;Agustin;Syddie;asyddie1a@discuz.net;816-637-8002;Mitsubishi;Mirage;ZSK-5525;04/02/2024
48;Sarajane;Mantrip;smantrip1b@paypal.com;419-965-9596;Mazda;Miata MX-5;LFB-2965;08/04/2024
49;Sheridan;Lett;slett1c@moonfruit.com;872-717-0516;Chrysler;Sebring;DWN-5414;8/15/2024
50;Rodi;Teresa;rteresa1d@wunderground.com;;Chrysler;PT Cruiser;CBH-8780;3/19/2024
51;Carita;Strickler;cstrickler1e@google.fr;972-735-4023;Land Rover;Range Rover;XVL-0807;5/29/2024
52;Mariam;Stephenson;mstephenson1f@cloudflare.com;458-177-7346;Subaru;Legacy;XCK-4146;9/13/2024
53;Micheal;Welds;mwelds1g@latimes.com;218-735-3025;GMC;Sierra 2500;FAB-3113;09/01/2024
54;Bessy;Espinola;bespinola1h@mozilla.com;729-761-3114;Ford;Freestar;FLG-5349;06/07/2024
55;Brander;Dudson;bdudson1i@blogs.com;738-138-7241;Chevrolet;Metro;SIY-2248;8/23/2024
56;Lolita;Pettegre;lpettegre1j@simplemachines.org;912-739-8781;Toyota;Corolla;UZD-2914;10/06/2024
57;Rodi;Brosch;rbrosch1k@time.com;631-727-5807;Audi;Quattro;SOM-7083;12/10/2024
58;Leonerd;Imlock;limlock1l@google.co.uk;680-393-8626;Lexus;LX;MWZ-9240;11/23/2024
59;Antin;Dumphries;adumphries1m@fda.gov;737-320-0600;Mazda;Mazda2;WPN-0118;10/31/2024
60;Arvy;Bernardos;abernardos1n@jimdo.com;851-145-4050;Dodge;Grand Caravan;OUZ-9636;06/06/2024
61;Eric;Ferrai;eferrai1o@cisco.com;125-303-5004;Audi;90;ILN-6159;03/03/2024
62;Iolande;Earnshaw;iearnshaw1p@plala.or.jp;402-212-3860;Volvo;V50;HVO-8648;09/05/2024
63;Celine;Dakhno;cdakhno1q@addtoany.com;188-674-7307;Toyota;Corolla;TPF-9044;10/24/2024
64;Tomas;O'Deoran;todeoran1r@usa.gov;567-242-2443;Toyota;Echo;IHK-2294;1/18/2024
65;Darlene;Rollason;drollason1s@amazon.com;283-710-0526;Ford;Bronco II;EPX-3801;12/17/2024
66;Elysee;Probat;eprobat1t@rambler.ru;703-752-0665;Chevrolet;1500;SHO-4459;9/30/2024
67;Roseann;Lenard;rlenard1u@bing.com;315-313-1463;Ford;Bronco II;FSI-6483;07/04/2024
68;Maje;McTeer;mmcteer1v@sciencedirect.com;134-226-0367;Ford;F350;SHP-9280;10/09/2024
69;Petr;Eliff;peliff1w@disqus.com;995-523-5672;Honda;Accord Crosstour;VPS-4531;12/31/2024
70;Ynez;Binny;ybinny1x@ustream.tv;612-234-4945;Acura;TSX;GGN-7984;10/18/2024
71;Lyman;Zettoi;lzettoi1y@mayoclinic.com;454-780-4248;GMC;Savana 2500;QOG-6549;8/25/2024
72;Cristionna;Serrell;cserrell1z@intel.com;681-853-5340;Dodge;Avenger;CGH-0642;02/04/2024
73;Janice;MacKim;jmackim20@tripadvisor.com;267-566-3413;Land Rover;Range Rover;QBI-1579;03/08/2024
74;Beatrice;Dinzey;bdinzey21@ocn.ne.jp;304-176-6752;Pontiac;Bonneville;OLO-1702;07/01/2024
75;Britt;Vanyushkin;bvanyushkin22@accuweather.com;588-817-2171;Lincoln;Continental;YBN-4669;5/13/2024
76;Celia;Brimilcombe;cbrimilcombe23@xing.com;693-732-1840;Nissan;Titan;ORI-1919;4/23/2024
77;Leonelle;Syde;lsyde24@shutterfly.com;244-498-1183;Toyota;T100;YYH-1891;11/08/2024
78;Wilhelmine;Cacacie;wcacacie25@fema.gov;922-998-7810;Plymouth;Breeze;YIS-4679;9/17/2024
79;Maurise;Korneev;mkorneev26@foxnews.com;907-993-8681;Ford;Focus;DVQ-6915;2/14/2024
80;Leroy;Dorkins;ldorkins27@technorati.com;304-937-1562;Isuzu;i-Series;TJI-9081;8/13/2024
81;Bennie;Pulsford;bpulsford28@wordpress.com;325-181-3584;Scion;tC;ZRO-7617;03/11/2024
82;Nadine;Cradick;ncradick29@mozilla.org;119-959-1672;Dodge;Sprinter;IFS-3892;05/10/2024
83;Kendra;Ferronier;kferronier2a@rediff.com;110-881-8771;BMW;M5;SIA-3494;4/22/2024
84;Luce;Giraudel;lgiraudel2b@google.com.au;309-600-2592;Cadillac;DTS;LNT-6313;7/13/2024
85;Ferguson;O'Hartagan;fohartagan2c@seattletimes.com;251-140-3984;Pontiac;Tempest;KBM-2727;03/08/2024
86;Grace;Newnham;gnewnham2d@themeforest.net;833-958-7134;Audi;90;IGC-2705;12/26/2024
87;Yorgos;Eouzan;yeouzan2e@nsw.gov.au;308-764-9987;GMC;Envoy;BVE-6268;04/09/2024
88;Garreth;Garter;ggarter2f@seattletimes.com;;Chrysler;300;HMW-0896;6/22/2024
89;Raffarty;Watford;rwatford2g@github.com;175-325-7611;Suzuki;Reno;OPI-2983;5/13/2024
90;Emanuel;Gress;egress2h@shinystat.com;192-789-4420;Chevrolet;G-Series 2500;SXP-7208;11/20/2024
91;Noell;Woltering;nwoltering2i@howstuffworks.com;971-756-6091;Porsche;Boxster;PYX-6419;3/29/2024
92;Darby;Lamar;dlamar2j@dion.ne.jp;;Dodge;Dakota;OHK-6291;10/30/2024
93;Roseanne;Milliere;rmilliere2k@constantcontact.com;673-137-5001;Mitsubishi;Raider;IHN-3076;10/14/2024
94;Maggie;Castel;mcastel2l@mlb.com;626-658-8780;Infiniti;M;MVW-0071;02/10/2024
95;Mandi;Eiler;meiler2m@eventbrite.com;144-768-4661;Cadillac;Seville;FDW-2229;02/10/2024
96;Hayward;Wadlow;hwadlow2n@time.com;813-981-1074;Lincoln;MKT;EUS-0211;5/20/2024
97;Winnie;Firby;wfirby2o@fda.gov;402-921-6435;BMW;X3;JIC-7860;10/23/2024
98;Eliot;Pickthorn;epickthorn2p@reuters.com;283-999-3708;GMC;3500 Club Coupe;MSU-2821;5/28/2024
99;Tiler;Ripper;tripper2q@marketwatch.com;297-384-4801;Toyota;4Runner;KDR-6389;10/10/2024
100;Tate;Shewon;tshewon2r@studiopress.com;209-186-3973;Ford;Courier;OVF-4150;2/29/2024
101;Nickie;Sacchetti;nsacchetti2s@etsy.com;870-727-8742;Ford;Mustang;BND-5111;07/04/2024
102;Marlane;Posthill;mposthill2t@1und1.de;865-666-2637;Chevrolet;Express 1500;KUU-9538;7/29/2024
103;Myra;Pitcock;mpitcock2u@utexas.edu;592-278-2707;Mazda;Mazda3;QXY-1221;10/03/2024
104;Tadd;Bloodworth;tbloodworth2v@arstechnica.com;604-311-8887;Mazda;MX-6;EZC-3092;5/28/2024
105;Georgeta;Rawdales;grawdales2w@chron.com;976-409-6041;Dodge;Dakota;WKX-9946;6/19/2024
106;Casey;Fosten;cfosten2x@bloglines.com;371-854-3330;Jeep;Compass;HKD-1955;11/19/2024
107;Livvy;Dawidsohn;ldawidsohn2y@go.com;664-741-0793;Ford;Ranger;NTS-1677;10/26/2024
108;Angela;Fernie;afernie2z@squidoo.com;466-725-7816;Plymouth;Colt Vista;EAP-3569;2/14/2024
109;Tommi;Henrot;thenrot30@kickstarter.com;215-196-3419;Ford;F-Series Super Duty;HPK-8325;10/06/2024
110;Thaxter;Madeley;tmadeley31@webs.com;;BMW;Z3;HOL-1398;05/05/2024
111;Brianne;Revill;brevill32@boston.com;607-436-8423;Dodge;Grand Caravan;XTB-7283;4/19/2024
112;Sib;Roscamp;sroscamp33@gov.uk;741-705-9138;Hyundai;Elantra;TBC-3494;01/03/2025
113;Gregg;Christian;gchristian34@time.com;499-436-2469;Infiniti;G;DSS-1709;3/23/2024
114;Merna;Munby;mmunby35@accuweather.com;636-395-2334;Ford;Thunderbird;TZL-9270;9/21/2024
115;Sharity;Simeon;ssimeon36@jigsy.com;773-679-1628;Ford;Mustang;NCQ-8639;6/25/2024
116;Letta;Sleite;lsleite37@hugedomains.com;534-484-1512;Buick;LeSabre;DAP-6598;1/27/2024
117;Tedi;Tregensoe;ttregensoe38@hc360.com;932-567-0297;Mitsubishi;Eclipse;OUF-9757;03/05/2024
118;Hasheem;Regler;hregler39@yahoo.co.jp;690-204-1620;Mercedes-Benz;SL-Class;YXN-4702;12/21/2024
119;Ulrikaumeko;MacMickan;umacmickan3a@google.ca;768-899-8428;Toyota;Supra;KRA-2133;10/03/2024
120;Cordie;Skull;cskull3b@cisco.com;501-734-6475;Lexus;LS Hybrid;KVY-9313;09/11/2024
121;Roda;Sabathe;rsabathe3c@ucoz.com;202-978-1677;Mazda;Familia;GWJ-6320;10/02/2024
122;Shay;Lawie;slawie3d@cbsnews.com;783-194-1785;Chevrolet;S10 Blazer;XWY-3018;7/20/2024
123;Addison;Whitbread;awhitbread3e@apache.org;935-537-3343;GMC;Sierra 2500;YTO-3793;10/18/2024
124;Teresita;Pimlott;tpimlott3f@nyu.edu;308-962-6561;BMW;Z4;LTV-6923;08/12/2024
125;Freddy;Castellone;fcastellone3g@cnbc.com;373-963-5828;Saturn;S-Series;QNV-9543;04/04/2024
126;Lulu;Boxe;lboxe3h@bluehost.com;770-811-0111;Buick;Riviera;LTD-8992;04/08/2024
127;Saudra;Gilyott;sgilyott3i@sfgate.com;204-727-2663;Ford;E150;QXK-2088;3/23/2024
128;Jelene;Strudwick;jstrudwick3j@list-manage.com;184-880-3408;MINI;Cooper Clubman;RSQ-5325;5/26/2024
129;Glyn;Wenderoth;gwenderoth3k@yandex.ru;838-386-1370;Toyota;Corolla;ORQ-8602;12/26/2024
130;Reinhard;Elnor;relnor3l@ask.com;472-370-6598;Mitsubishi;Challenger;YLW-3978;09/01/2024
131;Dorian;Gerald;dgerald3m@soup.io;829-727-9674;Subaru;Legacy;FGE-3832;4/29/2024
132;Robin;Purdy;rpurdy3n@ehow.com;308-279-9855;Chevrolet;Express 2500;DLI-5183;7/27/2024
133;Ernesto;Manus;emanus3o@hao123.com;612-138-9908;Honda;Prelude;KWA-0611;8/29/2024
134;Rockwell;Grose;rgrose3p@google.com.br;439-158-8463;Kia;Sportage;CEV-7485;07/03/2024
135;Jobina;Pickaver;jpickaver3q@nymag.com;897-878-8577;Mazda;MX-5;AKK-0103;3/29/2024
136;Elaina;Aldiss;ealdiss3r@php.net;260-280-1977;BMW;X6;CLT-3800;11/01/2024
137;Amandie;Kloisner;akloisner3s@weibo.com;507-546-3754;Honda;Civic;TFL-9583;12/05/2024
138;Rebe;Moules;rmoules3t@nature.com;214-988-4201;Buick;Riviera;CVV-6885;07/09/2024
139;Aleen;Iwanowski;aiwanowski3u@ebay.co.uk;356-748-3463;Saab;09-May;RFJ-1963;07/03/2024
140;Barthel;Scarse;bscarse3v@redcross.org;169-468-7520;Lamborghini;Diablo;NOC-5811;2/25/2024
141;Hilary;McMullen;hmcmullen3w@bbc.co.uk;142-848-4897;Toyota;RAV4;SDB-8965;1/30/2024
142;Richie;Crann;rcrann3x@twitter.com;928-362-9052;Buick;LaCrosse;RZN-0558;1/24/2024
143;Talyah;Napolitano;tnapolitano3y@reference.com;509-492-1879;Dodge;Ram;SJX-6915;02/07/2024
144;Jamesy;Schapero;jschapero3z@php.net;662-646-8156;Mazda;626;RLF-2717;05/05/2024
145;Chevy;Priestman;cpriestman40@newyorker.com;112-155-1530;Bentley;Arnage;BIM-6308;09/09/2024
146;Todd;Riccio;triccio41@wikispaces.com;931-590-6454;Pontiac;Firefly;MQR-5369;11/23/2024
147;Rena;Brasted;rbrasted42@pagesperso-orange.fr;462-435-5024;Dodge;Sprinter;JJD-9312;11/23/2024
148;Huntley;Franca;hfranca43@ow.ly;931-250-0285;Acura;TL;EWW-6907;11/20/2024
149;Vivien;Clohessy;vclohessy44@gov.uk;704-488-5099;Chevrolet;Silverado 1500;OTO-8068;05/02/2024
150;Maggie;Bransden;mbransden45@tamu.edu;479-589-7694;Chevrolet;Suburban 2500;XRP-6063;02/12/2024
151;Meaghan;Lathom;mlathom46@paginegialle.it;799-754-9021;GMC;Sonoma;HQR-0186;12/08/2024
152;Templeton;Treeby;ttreeby47@php.net;272-851-6454;Buick;Lucerne;QBD-3776;06/09/2024
153;Marcella;D'Costa;mdcosta48@sun.com;546-846-8617;Isuzu;Trooper;PBX-9397;7/31/2024
154;Zorah;Butterwick;zbutterwick49@twitter.com;799-947-9618;Mercury;Grand Marquis;JSC-8320;11/17/2024
155;Jacinthe;Kamienski;jkamienski4a@naver.com;411-858-5397;Ford;Ranger;CAU-1984;05/06/2024
156;Abrahan;Munning;amunning4b@reddit.com;216-526-2080;Ford;E250;EZQ-1189;7/14/2024
157;Dalenna;Goly;dgoly4c@mlb.com;213-110-9264;Audi;A3;UYH-2242;3/20/2024
158;Flint;Trench;ftrench4d@bbc.co.uk;510-313-2094;Ford;E-Series;LFA-1232;12/20/2024
159;Malina;Willcocks;mwillcocks4e@addtoany.com;709-846-1667;Mitsubishi;3000GT;FHW-9058;1/25/2024
160;Burk;Linggood;blinggood4f@stanford.edu;;Chevrolet;Corvette;TXR-2036;1/24/2024
161;Alysia;Cuffley;acuffley4g@prnewswire.com;843-898-7103;Volvo;C30;DCF-3496;03/04/2024
162;Silvain;Reynalds;sreynalds4h@51.la;791-142-8594;Acura;Integra;MHZ-3104;6/29/2024
163;Cori;Baddam;cbaddam4i@skyrock.com;616-491-3951;Lexus;GS;KWC-2686;12/26/2024
164;Osbourn;Silcox;osilcox4j@oaic.gov.au;935-870-1226;Ford;Edge;XTG-0276;7/30/2024
165;Misha;Shermore;mshermore4k@mediafire.com;534-814-1815;Toyota;Camry Solara;UFW-3243;11/16/2024
166;Jorey;Wagnerin;jwagnerin4l@home.pl;457-645-7173;Chevrolet;Suburban 1500;TCD-4935;03/10/2024
167;Beltran;Cogdon;bcogdon4m@skype.com;781-585-3560;Ford;Aspire;FJM-6019;09/10/2024
168;Rourke;Pocknell;rpocknell4n@free.fr;942-279-8169;Audi;S8;JVU-8857;5/22/2024
169;Alina;Biagi;abiagi4o@4shared.com;321-771-8754;Saturn;S-Series;QES-0969;3/25/2024
170;Munmro;McGilleghole;mmcgilleghole4p@fastcompany.com;575-364-6715;Mitsubishi;Pajero;YNC-0288;2/23/2024
171;Arlina;Krzysztof;akrzysztof4q@psu.edu;;Kia;Sorento;RAK-7320;06/02/2024
172;Patin;Harcus;pharcus4r@quantcast.com;370-424-4802;Bentley;Continental GTC;RCD-3015;5/21/2024
173;Rochella;Wickens;rwickens4s@quantcast.com;475-957-2777;Isuzu;Hombre Space;YZG-5727;09/12/2024
174;Patti;Tchaikovsky;ptchaikovsky4t@blinklist.com;842-711-1919;Ford;Ranger;JHQ-5398;7/25/2024
175;Tymon;Macallam;tmacallam4u@ihg.com;742-132-5739;Mazda;B-Series;WFB-4093;09/12/2024
176;Charlot;Sally;csally4v@addthis.com;385-457-5233;Porsche;Boxster;UEY-0454;12/30/2024
177;Camala;Gilford;cgilford4w@sciencedaily.com;209-145-3796;Land Rover;Defender 90;XKH-3893;9/30/2024
178;Retha;Abbe;rabbe4x@microsoft.com;;Volkswagen;Cabriolet;IAZ-6333;9/15/2024
179;Debra;Saffen;dsaffen4y@theatlantic.com;485-927-2851;Mercedes-Benz;W201;WVP-5780;03/04/2024
180;Selinda;Flement;sflement4z@omniture.com;201-222-9264;Mazda;B-Series Plus;HJO-7999;2/13/2024
181;Vaughn;Boreland;vboreland50@bloomberg.com;981-748-4830;BMW;X5 M;OJT-6901;8/31/2024
182;Caroljean;Damrel;cdamrel51@acquirethisname.com;310-692-6451;Mercedes-Benz;S-Class;FEQ-5622;1/26/2024
183;Moore;Menel;mmenel52@blogspot.com;366-902-0123;Toyota;Matrix;AVB-9313;1/17/2024
184;Angele;Bendix;abendix53@ucoz.com;979-553-4970;Mercury;Villager;ABG-6129;6/16/2024
185;Marve;Adelberg;madelberg54@wsj.com;961-801-3570;Dodge;Sprinter;DMH-9403;9/17/2024
186;Nana;Blesing;nblesing55@godaddy.com;952-549-2864;Toyota;Highlander;SHY-4904;10/09/2024
187;Walker;Waskett;wwaskett56@wikispaces.com;610-910-3741;Lotus;Esprit;QGW-9364;2/22/2024
188;Tasia;Kem;tkem57@gov.uk;384-504-0286;Jeep;Patriot;NGX-4839;7/13/2024
189;Raeann;Caramuscia;rcaramuscia58@marketwatch.com;962-997-6412;Pontiac;Torrent;FAZ-0020;10/25/2024
190;Chantalle;Fulford;cfulford59@creativecommons.org;217-426-3643;Buick;Rainier;XLP-2507;11/06/2024
191;Kat;Feechan;kfeechan5a@sun.com;223-229-6361;Ford;F150;ASZ-4766;12/19/2024
192;Ophelia;Quinnette;oquinnette5b@desdev.cn;843-371-4479;GMC;Yukon;QAF-1285;07/03/2024
193;Fiona;Frickey;ffrickey5c@alexa.com;302-349-4657;Lincoln;Navigator;IOT-0321;9/20/2024
194;Nana;Tiron;ntiron5d@indiegogo.com;941-627-8988;Pontiac;Firebird;DYY-9858;3/14/2024
195;Billye;Sleite;bsleite5e@aboutads.info;448-485-8626;Mercedes-Benz;E-Class;HUH-9982;06/12/2024
196;Ofilia;Pessold;opessold5f@storify.com;315-281-1825;Saturn;VUE;OLK-5687;05/12/2024
197;Dunstan;Leal;dleal5g@phoca.cz;111-430-8301;Mercedes-Benz;S-Class;MQU-6001;9/15/2024
198;Brooke;Branchflower;bbranchflower5h@reuters.com;411-262-9582;BMW;7 Series;SYH-0210;6/20/2024
199;Catlee;Robecon;crobecon5i@bing.com;603-635-1253;Toyota;Corolla;VPD-4269;05/11/2024
200;Ferd;Marishenko;fmarishenko5j@mail.ru;858-261-4423;Buick;LeSabre;QKE-3471;04/02/2024
201;Hallsy;Ernshaw;hernshaw5k@studiopress.com;559-636-4250;Porsche;Boxster;HCY-7601;04/06/2024
202;Minetta;Lerohan;mlerohan5l@twitpic.com;827-797-4478;Chrysler;Town & Country;LKX-9162;8/31/2024
203;Shara;Von Salzberg;svonsalzberg5m@so-net.ne.jp;407-558-8098;Isuzu;i-Series;KPD-7606;10/05/2024
204;Alden;Cholomin;acholomin5n@1und1.de;787-794-5717;Mazda;MPV;CQC-0943;03/10/2024
205;Claudelle;Wixon;cwixon5o@xrea.com;607-812-6055;Oldsmobile;Ciera;CFL-6217;11/29/2024
206;Manda;Zarb;mzarb5p@cocolog-nifty.com;578-994-6813;Jeep;Wrangler;DPP-6341;05/06/2024
207;Deerdre;Saphir;dsaphir5q@java.com;484-877-8544;Kia;Sorento;LTW-1016;01/09/2025
208;Bram;Kubista;bkubista5r@msu.edu;293-566-2526;Ford;E-Series;BRV-4075;10/30/2024
209;Annmarie;Heddy;aheddy5s@youku.com;996-774-1294;Volkswagen;Routan;KGN-1961;10/13/2024
210;Dacy;Luety;dluety5t@techcrunch.com;508-177-4288;Porsche;911;UCW-0950;8/18/2024
211;Gusella;Munks;gmunks5u@theatlantic.com;312-970-5806;Ford;Bronco;RTB-3741;03/04/2024
212;Dominick;Morrison;dmorrison5v@mail.ru;551-594-9397;Pontiac;Bonneville;CIB-7824;1/15/2024
213;Britt;Dunley;bdunley5w@soundcloud.com;791-839-2917;Chevrolet;Camaro;QBD-7917;12/23/2024
214;Casper;Smeeton;csmeeton5x@ted.com;292-784-9834;Suzuki;Kizashi;EOB-2491;02/07/2024
215;Vanny;Coughtrey;vcoughtrey5y@usa.gov;201-815-1602;Mazda;626;VVD-1500;12/16/2024
216;Jecho;Schimmang;jschimmang5z@cnbc.com;253-758-5716;Pontiac;LeMans;YZE-8741;5/23/2024
217;Arin;Pretious;apretious60@oracle.com;453-866-0063;Nissan;Maxima;WSS-8497;10/20/2024
218;Pepillo;Buddell;pbuddell61@sitemeter.com;719-192-8006;Aston Martin;DB9;SUW-9134;1/27/2024
219;Tate;Bransdon;tbransdon62@live.com;398-305-7955;Chevrolet;Suburban 2500;TRE-6560;07/08/2024
220;Jacquenette;Sansum;jsansum63@opera.com;125-362-0455;Mitsubishi;Tredia;GDK-4879;02/04/2024
221;Guendolen;Vincent;gvincent64@google.co.uk;216-489-8140;Chevrolet;Corvette;KRJ-5117;12/08/2024
222;Tamra;Fiddiman;tfiddiman65@imdb.com;297-261-6323;BMW;X3;CWO-4048;10/13/2024
223;Nico;Schurig;nschurig66@goodreads.com;674-741-7851;Ford;Mustang;PRV-1223;1/23/2024
224;Norine;Borley;nborley67@mtv.com;620-515-2936;Toyota;Corolla;DSJ-9360;12/18/2024
225;Stacy;Rottgers;srottgers68@technorati.com;406-482-5664;Jaguar;XK;KYV-2558;2/29/2024
226;Simonette;Kohrs;skohrs69@samsung.com;941-480-6266;Pontiac;Firebird;OTQ-1030;4/24/2024
227;Ann;Lubman;alubman6a@netvibes.com;431-432-4099;Ford;EXP;DXD-4996;7/18/2024
228;Hamel;Stapforth;hstapforth6b@uol.com.br;107-426-9314;Audi;TT;GQS-0365;12/29/2024
229;Constance;Garstang;cgarstang6c@slate.com;846-331-0158;Buick;Roadmaster;EPN-4397;10/15/2024
230;Sherwin;Slym;sslym6d@smugmug.com;836-756-5461;Subaru;Legacy;ZUU-1106;12/12/2024
231;Jacquie;Landsberg;jlandsberg6e@clickbank.net;;Mazda;B-Series Plus;RSF-8910;03/03/2024
232;Norene;Swaile;nswaile6f@yellowbook.com;316-737-2665;Jeep;Cherokee;FVV-9615;01/06/2025
233;Fabien;Schole;fschole6g@ibm.com;579-870-4686;Mazda;MX-3;FPS-0818;04/10/2024
234;Ham;Zwicker;hzwicker6h@fema.gov;704-911-6104;Porsche;Boxster;EKS-8510;1/19/2024
235;Koressa;Blofeld;kblofeld6i@yellowpages.com;635-833-4342;Volvo;850;TRE-8587;01/11/2024
236;Channa;Hugin;chugin6j@ebay.com;623-504-7971;Honda;Pilot;AIP-7610;8/28/2024
237;Dorelia;Marris;dmarris6k@hp.com;549-812-7931;Mercury;Sable;VBU-4458;1/18/2024
238;Roberta;Keable;rkeable6l@seattletimes.com;881-629-4207;Audi;A3;PKI-0916;7/18/2024
239;Austine;Osbidston;aosbidston6m@techcrunch.com;744-315-8010;Infiniti;M;OOL-3287;1/18/2024
240;Brien;Burden;bburden6n@storify.com;507-500-9109;Chevrolet;Caprice;SQW-2420;11/17/2024
241;Ruperta;Orbon;rorbon6o@army.mil;917-608-7183;Honda;Insight;NSI-7908;04/03/2024
242;Brnaba;Hungerford;bhungerford6p@businesswire.com;972-645-1129;Buick;Skylark;BWY-5280;6/23/2024
243;Gennie;Kuna;gkuna6q@indiatimes.com;581-489-1298;Lexus;LS;BNT-1927;10/27/2024
244;Shaw;Leyband;sleyband6r@163.com;569-419-1463;Volkswagen;Golf;JEZ-7628;7/30/2024
245;Cornela;Gian;cgian6s@shutterfly.com;990-233-7074;Infiniti;Q;AUU-1428;07/02/2024
246;Angelo;Genese;agenese6t@theguardian.com;649-740-8998;Porsche;Panamera;VMV-6895;6/23/2024
247;Loralee;Stell;lstell6u@hp.com;171-976-8133;Mazda;Familia;ZPO-7853;1/14/2024
248;Merla;Arangy;marangy6v@wikispaces.com;255-735-3620;Kia;Rio;OQJ-4149;11/25/2024
249;Mehetabel;Cumpsty;mcumpsty6w@microsoft.com;433-389-0298;Ford;Explorer;FCL-2052;06/07/2024
250;Clevie;Lumbly;clumbly6x@biblegateway.com;525-478-5823;Saab;09-May;VOB-3579;11/12/2024
251;Rhett;Mularkey;rmularkey6y@chron.com;209-428-1542;Scion;FR-S;GOA-3848;11/13/2024
252;Douglass;Figgess;dfiggess6z@nasa.gov;286-174-9838;Toyota;FJ Cruiser;GOT-4338;7/20/2024
253;Rosemonde;Ratter;rratter70@storify.com;202-346-4027;Mazda;Mazda6;AJW-4476;08/02/2024
254;Blanch;Herkess;bherkess71@nasa.gov;922-900-6293;Lexus;GX;ZTF-2550;10/15/2024
255;Wallie;Barnbrook;wbarnbrook72@tuttocitta.it;698-282-7692;Chevrolet;Express 3500;ZKK-4161;11/05/2024
256;Pepito;Hoyes;phoyes73@cyberchimps.com;315-738-0575;Mercury;Sable;ITC-1890;02/11/2024
257;Bruis;Admans;badmans74@europa.eu;714-670-3479;Lexus;IS;ATK-1020;04/05/2024
258;Ileana;Bruggen;ibruggen75@cafepress.com;354-192-1653;Honda;CR-V;GGC-1383;06/05/2024
259;Mano;Stutard;mstutard76@ihg.com;;Pontiac;GTO;DUF-1466;07/10/2024
260;Basilius;Collopy;bcollopy77@jalbum.net;213-322-9512;Porsche;Cayman;TSJ-8677;11/15/2024
261;Amabelle;Gabites;agabites78@state.gov;160-920-3415;Chevrolet;Tracker;XXB-2547;9/23/2024
262;Vlad;Zywicki;vzywicki79@usda.gov;491-224-1127;Chrysler;Sebring;RRO-9550;5/27/2024
263;Leonanie;Chater;lchater7a@smh.com.au;933-835-6880;Dodge;Ram Van 3500;PHY-2127;4/20/2024
264;Helen;Gallaher;hgallaher7b@blogspot.com;586-934-5220;Cadillac;Fleetwood;BMO-4842;03/02/2024
265;Balduin;Blazevic;bblazevic7c@hp.com;411-103-7609;Dodge;Caravan;MBH-5298;7/29/2024
266;Roxie;Lockless;rlockless7d@github.com;118-180-6988;Mazda;B-Series Plus;EGZ-2965;12/20/2024
267;Margarette;Antognetti;mantognetti7e@dailymotion.com;639-801-4859;Mitsubishi;Lancer;ZMH-0543;9/21/2024
268;Carlo;Crellin;ccrellin7f@statcounter.com;218-767-3089;Infiniti;M;OZX-3024;8/28/2024
269;Vinson;Labrom;vlabrom7g@npr.org;464-738-3901;Buick;Regal;FKX-8463;10/03/2024
270;Ashli;Mazey;amazey7h@dailymotion.com;990-866-4713;Subaru;Baja;LDZ-9997;12/08/2024
271;Cyndia;Vlasov;cvlasov7i@nasa.gov;592-310-1760;Acura;RDX;YHR-1093;12/15/2024
272;Clevie;Portigall;cportigall7j@eepurl.com;335-684-6347;Toyota;Camry Solara;NZO-0158;9/19/2024
273;Giles;Pottiphar;gpottiphar7k@jigsy.com;658-457-1696;Scion;tC;WIO-6560;8/22/2024
274;Hewet;Willacot;hwillacot7l@spotify.com;870-502-0655;Scion;xB;RZF-3983;08/04/2024
275;Vivyanne;Gumey;vgumey7m@list-manage.com;;Chevrolet;TrailBlazer;GYE-9489;9/18/2024
276;Rahel;Caffin;rcaffin7n@tinypic.com;424-189-5868;Volvo;C70;VYN-5468;02/08/2024
277;Heddie;Lovelace;hlovelace7o@epa.gov;591-133-0826;Mercedes-Benz;E-Class;QXC-3245;12/09/2024
278;Leupold;Gorghetto;lgorghetto7p@de.vu;297-809-0276;Chrysler;Pacifica;SAY-1197;07/10/2024
279;Luciano;Shemelt;lshemelt7q@sitemeter.com;376-966-7812;Chevrolet;Express;KYN-3690;11/17/2024
280;Derwin;Caspell;dcaspell7r@cam.ac.uk;717-120-0396;Ford;Explorer;BND-1716;9/17/2024
281;Jaime;Dymott;jdymott7s@vimeo.com;713-174-0618;Jeep;Wrangler;QBM-5389;09/10/2024
282;Hercule;Rhoades;hrhoades7t@apache.org;665-131-6213;Volkswagen;CC;PGU-5515;08/11/2024
283;Bond;Gianulli;bgianulli7u@reuters.com;502-996-4594;Mazda;CX-9;MZA-9262;08/10/2024
284;Pedro;Veld;pveld7v@naver.com;430-166-3224;Lotus;Elise;WRD-7398;3/30/2024
285;Kristine;Hirschmann;khirschmann7w@zdnet.com;244-996-3111;Mazda;RX-8;IPY-6643;03/06/2024
286;Leslie;Yaakov;lyaakov7x@engadget.com;631-245-4034;MINI;Clubman;KRX-8635;7/14/2024
287;Chrisse;Egre;cegre7y@examiner.com;;Nissan;Sentra;FZN-3371;10/20/2024
288;Susette;Sitford;ssitford7z@timesonline.co.uk;;Ford;Escort;TZW-5808;9/25/2024
289;Aldrich;Rubertis;arubertis80@goodreads.com;822-152-6750;Mitsubishi;Lancer Evolution;RHI-6522;3/25/2024
290;Stearne;Hughes;shughes81@auda.org.au;378-421-2513;Chrysler;Pacifica;WEM-5236;2/24/2024
291;Gearalt;Watsham;gwatsham82@creativecommons.org;853-693-4336;Jaguar;XK Series;QZZ-2403;1/21/2024
292;Linn;Bodicam;lbodicam83@cam.ac.uk;173-658-2128;Mitsubishi;Outlander;QQA-6182;3/29/2024
293;Gwenneth;Charopen;gcharopen84@jigsy.com;429-136-5977;Mazda;Mazda3;XCB-2918;07/04/2024
294;Marilee;Race;mrace85@weibo.com;635-551-1487;Toyota;Camry;KGJ-3555;8/18/2024
295;Ryan;Golsby;rgolsby86@123-reg.co.uk;942-995-8659;Pontiac;Grand Prix;YDT-5910;2/18/2024
296;Sher;Kirkby;skirkby87@gravatar.com;512-652-9150;Ford;C-MAX Hybrid;RTQ-6008;3/28/2024
297;Niel;Soughton;nsoughton88@ebay.com;155-331-9984;Mercedes-Benz;M-Class;YDN-2285;6/14/2024
298;Colin;Durram;cdurram89@oakley.com;898-145-8799;Chevrolet;Avalanche 1500;IDQ-6272;02/01/2024
299;Amy;Juschke;ajuschke8a@auda.org.au;179-174-9989;Toyota;Previa;XUW-4104;2/29/2024
300;Penelope;Marrett;pmarrett8b@independent.co.uk;438-816-2632;Honda;Accord;BCF-8795;04/08/2024
301;Oralle;Finkle;ofinkle8c@devhub.com;233-826-0016;Dodge;Durango;DWZ-8969;4/25/2024
302;Bryana;Kelleway;bkelleway8d@admin.ch;342-926-2645;Isuzu;Axiom;HRM-8261;04/04/2024
303;Pall;Gilbanks;pgilbanks8e@tripadvisor.com;116-803-8996;Toyota;Tacoma;AFA-6767;04/06/2024
304;Hamlin;Erni;herni8f@alibaba.com;489-902-7581;Volkswagen;GTI;UVJ-4873;7/25/2024
305;Callie;Learoid;clearoid8g@dagondesign.com;492-483-1356;Pontiac;GTO;BES-9284;10/17/2024
306;Vyky;Rendle;vrendle8h@irs.gov;526-660-8303;Toyota;Tacoma;VWD-4494;9/28/2024
307;Guenevere;Oldacre;goldacre8i@goo.ne.jp;888-370-1366;Aston Martin;DB9;TCM-3359;9/13/2024
308;Jeddy;Kleingrub;jkleingrub8j@psu.edu;303-426-5296;Mazda;626;FVL-3090;05/10/2024
309;Claudetta;Wayt;cwayt8k@yolasite.com;734-203-3714;Infiniti;M;FSW-1103;5/23/2024
310;Celina;Fassan;cfassan8l@paypal.com;214-765-2617;Chevrolet;Silverado 1500;AFY-2015;8/13/2024
311;Randy;Pretley;rpretley8m@google.com.hk;675-814-3211;Saab;09-Mar;FDZ-8767;09/01/2024
312;Wolfy;Heinert;wheinert8n@123-reg.co.uk;856-369-7114;Bentley;Continental Super;JYD-6250;10/31/2024
313;Hartwell;Franklen;hfranklen8o@alibaba.com;;Mitsubishi;Pajero;HXY-9012;9/23/2024
314;Ina;Hampshire;ihampshire8p@youtu.be;608-976-2889;Mitsubishi;Galant;IBK-9734;5/18/2024
315;Willamina;Brimicombe;wbrimicombe8q@163.com;646-655-3665;Honda;Odyssey;MSV-3881;10/13/2024
316;Caren;Audas;caudas8r@weather.com;343-885-0405;Mitsubishi;3000GT;VXA-7557;9/30/2024
317;Austin;Maier;amaier8s@yandex.ru;548-748-9412;Lamborghini;Diablo;VCI-7582;03/12/2024
318;Lauryn;Ripping;lripping8t@issuu.com;373-164-1826;Dodge;Charger;GBE-1642;12/19/2024
319;Doreen;Causbey;dcausbey8u@eepurl.com;417-497-2454;Buick;Special;KZI-1870;4/29/2024
320;Norby;Scotney;nscotney8v@sohu.com;867-448-2746;Acura;RL;GEU-9236;05/10/2024
321;Romeo;Child;rchild8w@prweb.com;383-180-2887;Dodge;Dakota Club;ZJY-0373;6/21/2024
322;Tyrone;Ajean;tajean8x@businesswire.com;450-431-1777;BMW;Z3;JCE-0806;08/09/2024
323;Sherlocke;Callow;scallow8y@thetimes.co.uk;821-872-9862;Nissan;Pathfinder;KRJ-9987;3/23/2024
324;Merralee;Alpin;malpin8z@hhs.gov;282-209-4655;Isuzu;Rodeo;HLE-6792;07/05/2024
325;Burke;Kippins;bkippins90@imageshack.us;806-838-9392;Mitsubishi;Truck;YNL-7286;06/12/2024
326;Dominique;Diggles;ddiggles91@upenn.edu;976-316-7582;Chevrolet;Express 2500;WXA-8323;2/14/2024
327;Neal;Denman;ndenman92@engadget.com;896-140-2173;Mitsubishi;Lancer Evolution;KGW-7425;5/14/2024
328;Horatius;Gainsbury;hgainsbury93@theguardian.com;480-547-8390;Aston Martin;V8 Vantage;FHK-4373;09/06/2024
329;Madelaine;Lamburne;mlamburne94@trellian.com;157-226-3515;Volkswagen;R32;LMJ-0887;11/17/2024
330;Johanna;Atmore;jatmore95@trellian.com;493-725-4144;Nissan;Sentra;GHG-7572;4/29/2024
331;Jacquetta;Haldene;jhaldene96@sun.com;260-240-0765;Dodge;Viper RT/10;KEQ-8913;08/09/2024
332;Elaine;Laxson;elaxson97@seesaa.net;;Honda;Prelude;ENB-7875;2/28/2024
333;Netta;Beckson;nbeckson98@businessweek.com;971-683-1565;Dodge;D150;GYJ-4681;10/24/2024
334;Hoyt;Dohr;hdohr99@nhs.uk;398-162-8057;Chevrolet;Lumina;PAB-0627;4/30/2024
335;Alister;Boissieux;aboissieux9a@simplemachines.org;225-684-6549;Dodge;Stealth;IQN-4658;03/08/2024
336;Madonna;Alessandone;malessandone9b@usnews.com;556-821-9084;Ford;Taurus;EOO-7599;5/26/2024
337;Fair;Acum;facum9c@webs.com;246-764-5608;Dodge;Ram;HYQ-2304;12/29/2024
338;Shelley;Bourgaize;sbourgaize9d@fotki.com;233-151-7441;Pontiac;Grand Prix;LTZ-0379;2/22/2024
339;Carson;Baggalley;cbaggalley9e@zdnet.com;346-453-2620;Cadillac;Escalade EXT;TDI-0553;04/05/2024
340;Galvin;Jeppensen;gjeppensen9f@gravatar.com;362-222-4384;Mitsubishi;Challenger;WCF-7074;5/30/2024
341;Norah;Berendsen;nberendsen9g@hp.com;;Chevrolet;Silverado 1500;JXK-6188;03/08/2024
342;Carmine;Lochran;clochran9h@dmoz.org;596-976-6431;Toyota;FJ Cruiser;LBQ-7272;3/28/2024
343;Micah;Lude;mlude9i@unblog.fr;162-606-6226;Chevrolet;Suburban 1500;WXN-2617;4/22/2024
344;Pate;Turbitt;pturbitt9j@multiply.com;283-846-7912;Lexus;GS;ZNB-1005;9/17/2024
345;Randie;Leyzell;rleyzell9k@cisco.com;336-196-8411;Chrysler;Imperial;RJM-2793;04/02/2024
346;Tiff;Gorhardt;tgorhardt9l@howstuffworks.com;421-966-8209;Volvo;C30;BNH-3294;11/09/2024
347;Cordie;Smiley;csmiley9m@spiegel.de;774-617-8295;Oldsmobile;Regency;CPL-9189;10/26/2024
348;Eldon;Yoselevitch;eyoselevitch9n@mac.com;597-274-7481;Geo;Storm;XFS-2623;10/01/2024
349;Hannie;Rishman;hrishman9o@eventbrite.com;378-816-0124;Toyota;TundraMax;TYT-2263;02/07/2024
350;Stacia;Bielefeld;sbielefeld9p@ycombinator.com;836-679-1863;Audi;Coupe GT;LVE-6421;12/19/2024
351;Brewster;Leyborne;bleyborne9q@merriam-webster.com;800-655-3609;Mercedes-Benz;CL-Class;ODS-4944;2/19/2024
352;Nerita;Ong;nong9r@4shared.com;415-440-9630;Ford;Ranger;YVW-0196;8/21/2024
353;Yankee;Delacourt;ydelacourt9s@weather.com;421-380-0305;Pontiac;Montana SV6;XXK-2183;4/25/2024
354;Clive;Hynam;chynam9t@quantcast.com;303-987-9413;Volvo;S60;UFY-0400;10/09/2024
355;Rory;Owenson;rowenson9u@canalblog.com;361-450-4924;Mitsubishi;Lancer;DMN-5526;7/29/2024
356;Florry;Paolozzi;fpaolozzi9v@ted.com;874-151-9061;Aston Martin;DB9;PHT-5780;10/18/2024
357;Minnaminnie;Tatershall;mtatershall9w@unc.edu;428-969-0397;Buick;Park Avenue;NHP-3154;09/05/2024
358;Gage;Caulket;gcaulket9x@marketwatch.com;764-389-5348;Dodge;Charger;PNX-2147;6/26/2024
359;Ardelia;Kellet;akellet9y@theguardian.com;443-415-8669;Honda;Accord;GUK-2623;10/09/2024
360;Chere;Lutwidge;clutwidge9z@hao123.com;899-107-5406;Toyota;Camry;KVY-2453;12/15/2024
361;Tiffy;Di Bernardo;tdibernardoa0@twitter.com;624-231-8561;Suzuki;SJ;RBI-4200;08/03/2024
362;Kassie;Lukianovich;klukianovicha1@flickr.com;396-695-6748;Chevrolet;Camaro;ETN-9975;05/12/2024
363;Burch;Semon;bsemona2@yelp.com;149-320-0902;Mazda;B-Series;LTD-8680;12/31/2024
364;Elita;Smewings;esmewingsa3@forbes.com;987-248-4769;Nissan;Cube;HTE-4580;05/07/2024
365;Erick;Keward;ekewarda4@yale.edu;276-631-2440;Geo;Metro;MSB-5047;06/07/2024
366;Filia;Hazelby;fhazelbya5@cnet.com;861-661-4812;Mercedes-Benz;C-Class;GJN-5303;05/03/2024
367;Nico;Edleston;nedlestona6@columbia.edu;330-732-5427;Chevrolet;Impala SS;GCP-9705;8/13/2024
368;Brunhilda;Pomfrey;bpomfreya7@census.gov;383-363-0592;Nissan;Altima;AAI-9492;8/19/2024
369;Valina;Rivlin;vrivlina8@blogger.com;977-206-9741;Volkswagen;R32;MMA-6412;12/31/2024
370;Upton;Thorneley;uthorneleya9@friendfeed.com;531-754-1763;Mitsubishi;Galant;VWD-1557;12/26/2024
371;Nikolia;Riddall;nriddallaa@fda.gov;394-130-4187;Aston Martin;Rapide;AQX-7852;2/21/2024
372;Rowan;Mintoff;rmintoffab@oakley.com;;Nissan;Murano;IBF-4475;5/17/2024
373;Belva;Milkeham;bmilkehamac@cargocollective.com;472-688-1669;GMC;Suburban 1500;UQQ-6583;06/07/2024
374;Olga;Caberas;ocaberasad@engadget.com;227-623-5357;Dodge;Charger;OND-2992;12/12/2024
375;Kristi;Beevis;kbeevisae@flickr.com;835-946-7957;Porsche;911;PPG-5419;07/05/2024
376;Kora;Mulbery;kmulberyaf@ebay.com;572-493-3743;Nissan;Maxima;VRP-6801;03/06/2024
377;Mirilla;Qualtrough;mqualtroughag@telegraph.co.uk;842-832-4709;Mazda;626;EKY-0079;6/23/2024
378;Jolynn;Wolfendell;jwolfendellah@mac.com;473-335-9575;Subaru;Outback;KKC-2324;9/20/2024
379;Ethelred;Boak;eboakai@blogspot.com;708-777-4841;Land Rover;Range Rover;SBA-4040;10/21/2024
380;Cloe;McGragh;cmcgraghaj@dropbox.com;234-784-5153;Chevrolet;Blazer;MBQ-5649;4/16/2024
381;Janet;Gomer;jgomerak@patch.com;234-572-5269;Dodge;Neon;MWO-7292;3/22/2024
382;Eunice;Keemer;ekeemeral@latimes.com;195-502-4524;Oldsmobile;Silhouette;OCK-1726;04/07/2024
383;Pearce;Elbourn;pelbournam@indiatimes.com;609-890-9839;Studebaker;Avanti;OWN-1381;12/20/2024
384;Vernor;Blackway;vblackwayan@answers.com;385-914-6036;Chevrolet;G-Series 2500;YJO-4322;10/11/2024
385;Leigha;Graybeal;lgraybealao@imageshack.us;809-627-3287;Buick;Lucerne;UFN-5302;7/30/2024
386;Hadria;Velden;hveldenap@domainmarket.com;351-946-3737;Mercedes-Benz;S-Class;YQU-8988;03/04/2024
387;Shani;Spiring;sspiringaq@de.vu;191-658-4518;Lincoln;Navigator L;ADX-0616;09/08/2024
388;Griffith;Doutch;gdoutchar@jugem.jp;306-316-7901;Aston Martin;V8 Vantage S;DGD-5644;6/15/2024
389;Edy;Perello;eperelloas@clickbank.net;529-738-2674;Jeep;Grand Cherokee;CQX-9400;11/24/2024
390;Berty;Donnellan;bdonnellanat@webnode.com;861-991-1398;Porsche;944;WZL-3284;11/29/2024
391;Cort;Hartzog;chartzogau@opensource.org;955-751-2034;Ford;Probe;CVZ-1938;2/18/2024
392;Dexter;Spearett;dspearettav@angelfire.com;817-642-5728;Ford;Club Wagon;CAM-3034;10/16/2024
393;Steffane;Goss;sgossaw@plala.or.jp;442-833-2881;Buick;Coachbuilder;QMD-2503;06/11/2024
394;Rozanna;Laingmaid;rlaingmaidax@quantcast.com;978-774-1541;Toyota;Camry;YHB-3572;4/26/2024
395;Lucinda;Findon;lfindonay@phpbb.com;132-580-7877;Subaru;Impreza;BFN-8480;08/04/2024
396;Nelson;Hayhurst;nhayhurstaz@adobe.com;368-482-1456;Lotus;Esprit Turbo;LEY-0731;5/29/2024
397;Adelaida;Stallen;astallenb0@theguardian.com;796-489-0878;Isuzu;Oasis;AFE-8190;9/30/2024
398;Sammie;Kirtlan;skirtlanb1@army.mil;949-603-9823;Infiniti;I;WID-6749;1/22/2024
399;Chrysa;Mallabone;cmallaboneb2@msn.com;706-938-1479;Mercury;Cougar;RRS-3885;02/11/2024
400;Thomasa;Gravells;tgravellsb3@tripod.com;746-121-8770;Chevrolet;Lumina;UYH-4208;5/24/2024
401;Frasquito;Thow;fthowb4@dot.gov;224-332-0076;Mitsubishi;Pajero;YZO-0204;8/24/2024
402;Adelind;Pettecrew;apettecrewb5@wikimedia.org;270-591-5841;Volkswagen;R32;BNT-2679;3/18/2024
403;Arron;Beszant;abeszantb6@skype.com;695-160-2475;GMC;Rally Wagon G3500;WVN-8276;1/24/2024
404;Paige;Ragless;praglessb7@360.cn;258-583-0733;GMC;2500;YHF-1349;08/05/2024
405;Barret;Pesselt;bpesseltb8@cornell.edu;662-441-7826;Hyundai;Azera;XMF-7064;12/20/2024
406;Marquita;Knibb;mknibbb9@pen.io;332-920-8110;Jeep;Compass;COU-7927;5/27/2024
407;Josee;Boays;jboaysba@acquirethisname.com;711-561-8336;Lexus;SC;FZP-3300;5/18/2024
408;Viv;Beyer;vbeyerbb@cargocollective.com;859-827-7510;Chevrolet;Monte Carlo;MOG-9230;02/08/2024
409;Greg;Canape;gcanapebc@deviantart.com;328-580-1969;BMW;X6 M;AQQ-8119;05/01/2024
410;Alphonse;Bowling;abowlingbd@slideshare.net;144-181-2032;Geo;Metro;CNY-6695;07/04/2024
411;Mauricio;Beardwood;mbeardwoodbe@ucsd.edu;312-430-5249;Ford;Escort;RJB-1568;04/01/2024
412;Nell;Brownett;nbrownettbf@earthlink.net;683-388-5627;Ferrari;F430;OYP-6688;6/22/2024
413;Anselm;Kirkup;akirkupbg@sun.com;659-803-3405;Mazda;Familia;GWY-5250;12/29/2024
414;Durante;Croisier;dcroisierbh@dot.gov;314-992-6466;GMC;Vandura G1500;FEP-1401;11/02/2024
415;Henryetta;Sandry;hsandrybi@angelfire.com;630-415-2673;Mercury;Sable;RAC-6599;03/12/2024
416;Hallsy;Bromilow;hbromilowbj@com.com;451-719-7011;Ford;Bronco;HLF-9775;07/12/2024
417;Arne;Stihl;astihlbk@boston.com;931-501-5822;Honda;Prelude;EWB-0084;11/24/2024
418;Chase;Bruff;cbruffbl@dedecms.com;840-666-2857;Ford;Crown Victoria;MZB-0296;12/21/2024
419;Luke;Kop;lkopbm@digg.com;702-116-5596;Dodge;Grand Caravan;BVW-2289;7/29/2024
420;Job;Prendeguest;jprendeguestbn@utexas.edu;743-331-6501;GMC;Savana 1500;JFX-0403;3/23/2024
421;Padgett;Bolle;pbollebo@fotki.com;508-863-3687;Pontiac;Grand Prix;MRL-9658;05/08/2024
422;Claudine;Ramsted;cramstedbp@java.com;866-483-5235;Chevrolet;Express 3500;VZR-0072;9/14/2024
423;Ardenia;Merigot;amerigotbq@zdnet.com;739-277-1547;Subaru;Justy;FNQ-8310;11/17/2024
424;Ilario;Burmingham;iburminghambr@sina.com.cn;510-853-8172;Volkswagen;GTI;EBP-4717;11/30/2024
425;Bettine;Brownlow;bbrownlowbs@yolasite.com;704-454-4505;GMC;Savana 2500;UKG-2795;12/07/2024
426;Yovonnda;Gowling;ygowlingbt@live.com;;Pontiac;Grand Prix;GTD-6622;2/29/2024
427;Danya;Visick;dvisickbu@usatoday.com;799-217-0698;Scion;xD;YBK-4172;1/16/2024
428;Doria;Croney;dcroneybv@deviantart.com;;BMW;760;WQO-2729;3/22/2024
429;Elias;Lansley;elansleybw@ed.gov;306-707-5814;Lotus;Esprit;ZBT-5338;8/24/2024
430;Glenna;Ashmore;gashmorebx@google.com;926-880-6627;Mercury;Capri;HPB-8124;1/16/2024
431;Sadie;Balf;sbalfby@ifeng.com;249-302-3409;Mercedes-Benz;S-Class;SRA-5142;08/06/2024
432;Mathe;Jelleman;mjellemanbz@oakley.com;615-795-5114;Isuzu;Amigo;ZMX-5626;09/03/2024
433;Mercedes;Jarrell;mjarrellc0@google.ca;263-669-1218;Mazda;929;TQW-6465;11/15/2024
434;Ruben;Keenleyside;rkeenleysidec1@tumblr.com;663-224-1347;Dodge;Caravan;QTM-0634;12/26/2024
435;Huntley;Burgott;hburgottc2@xinhuanet.com;993-377-0605;Kia;Soul;YXU-6996;9/25/2024
436;Katharyn;Robard;krobardc3@nydailynews.com;123-492-2177;Ford;Focus;LPR-3864;1/31/2024
437;Aubrette;Ogden;aogdenc4@delicious.com;759-814-2926;Hyundai;Tiburon;XBD-5001;09/08/2024
438;Aluin;Merriment;amerrimentc5@omniture.com;529-353-2767;Buick;Park Avenue;NQR-8447;12/26/2024
439;Ellette;Camelia;ecameliac6@sakura.ne.jp;857-438-6342;Subaru;Outback Sport;YCN-8837;09/10/2024
440;Henrik;Simonds;hsimondsc7@weebly.com;136-269-4946;Honda;Passport;DTG-3858;04/07/2024
441;Katey;Johnys;kjohnysc8@typepad.com;920-322-4141;Audi;100;CNE-8102;03/06/2024
442;Josiah;Stapleton;jstapletonc9@instagram.com;397-647-3782;Toyota;RAV4;RLA-7586;08/07/2024
443;Ingamar;Rootham;iroothamca@imdb.com;219-592-7567;Mitsubishi;Mighty Max;IVY-5153;03/08/2024
444;Catherin;Shingfield;cshingfieldcb@un.org;;Ford;Thunderbird;JGM-9870;8/21/2024
445;Ross;Risebarer;rrisebarercc@t-online.de;955-614-4031;Daewoo;Nubira;YMU-1693;03/11/2024
446;Brien;Scholar;bscholarcd@opensource.org;736-366-8562;Volkswagen;Golf;ACJ-4478;8/31/2024
447;Noell;Minister;nministerce@woothemes.com;946-370-8346;Isuzu;i-Series;MYA-0825;07/01/2024
448;Adrien;Scaplehorn;ascaplehorncf@bigcartel.com;732-958-9569;Acura;TSX;ZVI-6357;12/25/2024
449;Cammie;Northrop;cnorthropcg@ustream.tv;990-875-0394;Mazda;Tribute;EJC-2353;1/22/2024
450;Lorna;Stride;lstridech@yellowpages.com;586-206-5254;BMW;7 Series;VDT-1662;8/13/2024
451;Darnall;Palley;dpalleyci@wordpress.com;;Porsche;Panamera;XUJ-1424;08/03/2024
452;Archambault;Doughill;adoughillcj@cpanel.net;239-461-6677;Lexus;GS;TYG-5455;5/17/2024
453;Antonina;Buttle;abuttleck@fastcompany.com;893-784-8579;Nissan;NV1500;IFN-7463;11/09/2024
454;Edna;Ioan;eioancl@umn.edu;554-144-4530;Cadillac;CTS;JZA-3679;12/05/2024
455;Leanna;Ovize;lovizecm@google.com;638-398-1961;Chevrolet;Suburban 2500;GCE-9376;02/09/2024
456;Lillis;Yvens;lyvenscn@squarespace.com;975-756-4885;Nissan;350Z;JOR-5804;07/06/2024
457;Kelby;Hebblewaite;khebblewaiteco@biglobe.ne.jp;792-798-3405;Mercedes-Benz;CL-Class;CIL-3089;04/08/2024
458;Olvan;Service;oservicecp@fema.gov;618-422-5832;Nissan;Pathfinder;MVT-7255;6/15/2024
459;Rogers;Sinney;rsinneycq@usda.gov;339-987-5990;Mazda;MX-3;Feb-21;10/03/2024
460;Klemens;Skally;kskallycr@admin.ch;718-723-7599;Dodge;Charger;AJF-9062;9/15/2024
461;Noland;Radwell;nradwellcs@amazon.de;112-278-4986;Mitsubishi;Diamante;HQH-2871;08/04/2024
462;Lara;Barcroft;lbarcroftct@sciencedirect.com;525-583-1515;GMC;Sonoma;QYV-9413;1/30/2024
463;Anna;Stickings;astickingscu@instagram.com;257-230-2087;Saab;09-May;MRS-1846;01/04/2025
464;Jennette;Bottrell;jbottrellcv@mtv.com;563-104-4251;Scion;tC;VZA-6138;04/06/2024
465;Kipp;Buggs;kbuggscw@ifeng.com;668-904-1803;Volvo;C70;UCV-8713;12/05/2024
466;Antoni;Biesinger;abiesingercx@ustream.tv;374-150-7301;Dodge;Grand Caravan;HVW-6555;7/27/2024
467;Rivalee;Hinstridge;rhinstridgecy@vimeo.com;685-787-0659;Toyota;4Runner;CDZ-9614;11/13/2024
468;Zaneta;Kingaby;zkingabycz@theglobeandmail.com;673-720-7315;Volvo;C70;HLW-0400;9/17/2024
469;Bel;Panyer;bpanyerd0@twitter.com;841-930-2390;Subaru;Loyale;IKP-9345;9/25/2024
470;Worthington;Zolini;wzolinid1@bluehost.com;510-494-7571;Toyota;Camry;URV-0480;3/19/2024
471;Brigg;Limbourne;blimbourned2@cloudflare.com;198-992-1077;Cadillac;XLR;NNO-4735;12/29/2024
472;Kean;Patry;kpatryd3@mozilla.org;204-881-7063;Toyota;4Runner;GOJ-5020;10/20/2024
473;Pammie;Icom;picomd4@salon.com;223-961-5488;Mazda;MX-5;TTZ-8991;10/29/2024
474;Margareta;Pareman;mparemand5@geocities.jp;466-245-0484;Toyota;Prius;IVT-1056;5/22/2024
475;Crystie;Bruckner;cbrucknerd6@mlb.com;692-224-6751;GMC;Sonoma;MIG-1040;8/14/2024
476;Burnaby;Storrah;bstorrahd7@va.gov;356-757-9800;Acura;TL;ZNI-3727;9/20/2024
477;Kassandra;Lewsie;klewsied8@apache.org;982-729-5735;Volvo;V50;DTG-6720;11/26/2024
478;Lorry;Snap;lsnapd9@nationalgeographic.com;468-652-5367;Volvo;XC70;LPI-4889;1/14/2024
479;Sherry;Aked;sakedda@over-blog.com;;Infiniti;G37;YDA-8243;9/23/2024
480;Rodrigo;Aubert;raubertdb@shinystat.com;325-940-0581;Volkswagen;Cabriolet;VHA-5340;6/21/2024
481;Baron;Lalevee;blaleveedc@purevolume.com;239-695-5088;Ford;E150;JGK-3213;05/07/2024
482;Haleigh;Baunton;hbauntondd@comsenz.com;208-903-3646;Toyota;Corolla;XTO-1190;09/04/2024
483;Cassey;Drinkale;cdrinkalede@amazon.de;667-501-3527;GMC;Yukon XL 1500;SRK-8658;8/18/2024
484;Noell;Edens;nedensdf@businessinsider.com;318-847-6438;BMW;X5 M;GXZ-9822;09/03/2024
485;Allyn;Garth;agarthdg@t.co;883-374-1416;Mercury;Grand Marquis;AKB-7063;12/22/2024
486;Ealasaid;Parnaby;eparnabydh@state.gov;951-449-1919;Subaru;B9 Tribeca;BRP-7696;06/12/2024
487;Bellanca;Imesson;bimessondi@facebook.com;391-885-8661;Ford;F-Series;WXA-3950;10/08/2024
488;Greer;Hilliam;ghilliamdj@webs.com;842-707-5447;Honda;Accord;CWH-8071;04/10/2024
489;Wilhelmina;Calven;wcalvendk@mail.ru;792-707-0409;Chevrolet;Express 3500;IBJ-9861;10/19/2024
490;Bryan;Hinemoor;bhinemoordl@theatlantic.com;186-562-5547;Chrysler;PT Cruiser;HSE-3739;3/29/2024
491;Eda;Crowcum;ecrowcumdm@wikispaces.com;422-535-5409;Nissan;Armada;SVT-5978;7/31/2024
492;Tabbi;Soff;tsoffdn@marketwatch.com;501-529-7820;Nissan;Sentra;UBU-0172;12/18/2024
493;Jock;Izakoff;jizakoffdo@japanpost.jp;858-784-6207;GMC;Yukon XL 1500;HCH-7100;2/17/2024
494;Allianora;Wrotham;awrothamdp@earthlink.net;267-199-4412;Pontiac;GTO;UEX-4228;10/02/2024
495;Oliver;Tankin;otankindq@washingtonpost.com;290-916-0533;Toyota;FJ Cruiser;UUN-2436;8/25/2024
496;Claudianus;Caveney;ccaveneydr@e-recht24.de;802-642-3198;Dodge;Neon;SWE-4339;3/21/2024
497;Abby;Simeoni;asimeonids@vistaprint.com;601-903-4806;Pontiac;GTO;YJA-6675;3/13/2024
498;Karoline;Goodlad;kgoodladdt@google.nl;331-688-3291;Dodge;Ram Wagon B350;QPW-6026;5/26/2024
499;Danni;Redbourn;dredbourndu@weibo.com;646-201-8582;Chevrolet;Colorado;PJZ-9847;12/06/2024
500;Jarrett;Gethouse;jgethousedv@mail.ru;840-129-4095;Buick;Regal;FAY-5609;07/04/2024
501;Julio;Fateley;jfateleydw@eventbrite.com;244-341-3751;Kia;Sorento;OCP-9811;01/11/2024
502;Gusty;Sexstone;gsexstonedx@lulu.com;941-655-9835;Mercury;Topaz;WJX-5605;10/21/2024
503;Charmaine;Bellon;cbellondy@mac.com;126-282-5374;GMC;3500 Club Coupe;RIO-2668;06/04/2024
504;Andrei;Beamson;abeamsondz@nyu.edu;623-348-8965;Infiniti;QX;GTB-6620;12/01/2024
505;Oby;Leopold;oleopolde0@gmpg.org;245-775-4291;Lotus;Elise;SYZ-4614;07/08/2024
506;Gardiner;Segrave;gsegravee1@nymag.com;219-771-9238;Ford;F-Series;NHX-3920;02/09/2024
507;Darcey;Piccard;dpiccarde2@imdb.com;993-843-7526;Mercedes-Benz;E-Class;PSZ-4250;12/01/2024
508;North;Targetter;ntargettere3@google.com.br;804-484-8402;Dodge;Grand Caravan;DYU-5055;07/12/2024
509;Harley;Capper;hcappere4@sun.com;368-931-0774;Hyundai;Santa Fe;MWN-8034;05/11/2024
510;Brion;Blincko;bblinckoe5@cam.ac.uk;968-581-8011;Volkswagen;Routan;JLV-7205;3/20/2024
511;Bale;McIlvaney;bmcilvaneye6@bbc.co.uk;279-688-0619;Ram;Dakota;OYG-9901;01/03/2025
512;Carmela;Hartus;chartuse7@woothemes.com;778-629-6768;GMC;Suburban 1500;VBD-3570;2/28/2024
513;Andeee;Quidenham;aquidenhame8@flavors.me;782-249-9135;Volvo;240;LRL-6760;05/08/2024
514;Cyndie;Edleston;cedlestone9@macromedia.com;711-256-2385;Nissan;Armada;GZV-9247;12/22/2024
515;Jeanelle;Ellerington;jelleringtonea@jugem.jp;196-779-5442;Lincoln;Mark VIII;EBA-0760;7/30/2024
516;Sheba;Caygill;scaygilleb@timesonline.co.uk;509-834-4835;Cadillac;SRX;MCT-1033;6/18/2024
517;Earlie;Cleare;ecleareec@tamu.edu;705-186-0003;Chevrolet;Tahoe;JKJ-7133;07/09/2024
518;Dulcy;Plunkett;dplunketted@bizjournals.com;806-164-7476;Suzuki;Vitara;ZRR-6809;08/01/2024
519;Codi;Langland;clanglandee@newyorker.com;703-170-4002;Mercedes-Benz;GLK-Class;CCE-6726;9/13/2024
520;Ingmar;Snary;isnaryef@ocn.ne.jp;634-490-3557;Mitsubishi;Chariot;XMX-9291;5/15/2024
521;Johnathon;Fisher;jfishereg@mac.com;749-276-9038;Volvo;S60;GQO-2653;09/12/2024
522;Hamid;Picard;hpicardeh@pcworld.com;657-972-3405;Nissan;Maxima;OSZ-3080;1/25/2024
523;Bartolomeo;Simcox;bsimcoxei@redcross.org;912-343-4138;BMW;M;ANW-6990;02/01/2024
524;Catrina;Cammock;ccammockej@columbia.edu;905-250-8431;Ford;Thunderbird;HNC-8305;11/01/2024
525;Sharona;O'Lyhane;solyhaneek@reddit.com;982-786-8014;MINI;Cooper Countryman;WOJ-4222;11/03/2024
526;Rogers;Jarrad;rjarradel@twitpic.com;438-742-8043;Chevrolet;Silverado Hybrid;LKU-7174;11/29/2024
527;Lebbie;Escalante;lescalanteem@umn.edu;289-554-0951;Mazda;MX-3;OCG-9549;3/24/2024
528;Alec;Durrington;adurringtonen@dailymail.co.uk;170-900-6067;Jeep;Wrangler;NHX-6046;12/27/2024
529;Man;Attree;mattreeeo@fema.gov;484-269-9776;Ford;E150;NIW-6945;12/17/2024
530;Norbie;O'Deegan;nodeeganep@yandex.ru;915-610-9592;Toyota;Sequoia;GBJ-8936;11/25/2024
531;Maudie;MacKaig;mmackaigeq@economist.com;344-619-7813;Land Rover;Defender 90;PSO-0700;5/14/2024
532;Corbie;Chestney;cchestneyer@github.com;250-247-5643;Cadillac;DTS;VGO-7373;10/04/2024
533;Kamillah;Diggins;kdigginses@cbslocal.com;171-409-3660;GMC;Envoy XL;WZZ-3395;4/16/2024
534;Rozella;Toynbee;rtoynbeeet@qq.com;944-739-0261;Chrysler;Grand Voyager;UAP-0202;1/31/2024
535;D'arcy;Dinwoodie;ddinwoodieeu@diigo.com;877-511-4611;Mitsubishi;Endeavor;GLW-6503;10/02/2024
536;Towny;Bellow;tbellowev@house.gov;521-222-3017;Cadillac;Fleetwood;GZP-6615;10/18/2024
537;Yetta;Cockman;ycockmanew@fc2.com;895-130-8899;Suzuki;Samurai;HOH-7239;02/11/2024
538;Biddy;Jorissen;bjorissenex@privacy.gov.au;565-151-4436;Lincoln;Mark LT;SYU-8330;9/18/2024
539;Brandise;Davydkov;bdavydkovey@delicious.com;384-189-4893;Chrysler;300M;MNF-1600;6/17/2024
540;Babbie;Dutson;bdutsonez@ihg.com;540-526-0102;Mazda;MX-6;DNZ-6863;11/28/2024
541;Vi;Cazereau;vcazereauf0@google.com.hk;283-865-5235;Hummer;H3;FAK-7964;02/01/2024
542;Cherie;Feaks;cfeaksf1@mysql.com;486-937-9424;Saturn;VUE;UDR-2204;1/22/2024
543;Christiano;Pearson;cpearsonf2@cornell.edu;425-332-9275;Buick;Enclave;KKB-4473;2/13/2024
544;Nessie;Coale;ncoalef3@clickbank.net;686-571-2296;Maserati;Quattroporte;TCS-0828;6/22/2024
545;Malynda;Kevane;mkevanef4@sbwire.com;603-252-6637;Jeep;Compass;USA-0136;12/16/2024
546;Rhonda;Rayson;rraysonf5@yellowbook.com;786-323-2731;Ford;Ranger;OVE-1856;6/17/2024
547;Kris;Birtley;kbirtleyf6@huffingtonpost.com;734-750-4077;Toyota;Corolla;XBC-7417;09/12/2024
548;Clem;Swett;cswettf7@dropbox.com;911-859-7054;Ford;Courier;DUV-0015;8/27/2024
549;Maurine;Ducroe;mducroef8@altervista.org;928-238-8626;Honda;Civic;ETS-5924;12/02/2024
550;Milicent;Perott;mperottf9@topsy.com;885-999-3643;GMC;Yukon;HLW-0698;08/12/2024
551;Bev;Bernard;bbernardfa@shop-pro.jp;308-808-8589;Ford;Aerostar;BWZ-5656;8/20/2024
552;Mikael;McVrone;mmcvronefb@wired.com;651-358-4135;GMC;Sonoma Club Coupe;GLM-7008;07/08/2024
553;Renault;Winckle;rwincklefc@jimdo.com;131-994-7557;GMC;Savana 1500;APZ-8271;06/09/2024
554;Nikolos;Emanson;nemansonfd@ask.com;147-418-0683;Cadillac;Escalade ESV;DGO-3829;10/27/2024
555;Jenilee;Portam;jportamfe@cnbc.com;883-200-0274;Isuzu;Rodeo;LUP-7395;04/05/2024
556;Emilie;Coraini;ecorainiff@auda.org.au;756-569-1493;Chrysler;300;ZFS-2898;5/29/2024
557;Cori;Brozsset;cbrozssetfg@goo.gl;;Chevrolet;2500;NMT-3686;6/19/2024
558;Leyla;Jenney;ljenneyfh@mozilla.com;347-755-2759;Isuzu;Trooper;WZP-8330;11/18/2024
559;Tallie;Hanhart;thanhartfi@gov.uk;202-675-3006;Acura;ZDX;KIA-8296;12/12/2024
560;Ariella;Peeters;apeetersfj@netlog.com;314-188-5444;Toyota;Tundra;VLN-8339;02/05/2024
561;Berna;Beecroft;bbeecroftfk@icio.us;292-606-6152;Volkswagen;GTI;GBG-5213;05/07/2024
562;Karon;Searle;ksearlefl@washington.edu;253-855-0428;Toyota;Tercel;MBF-1396;12/14/2024
563;Worthy;Oakden;woakdenfm@unesco.org;887-777-7270;Dodge;Avenger;YEY-1894;3/21/2024
564;Lavina;Ingree;lingreefn@cpanel.net;448-299-7248;Mazda;323;BVN-7303;12/26/2024
565;Terrill;Rableau;trableaufo@behance.net;115-712-6879;Porsche;Boxster;EPY-1802;5/29/2024
566;Devlin;Leedal;dleedalfp@hhs.gov;362-186-3397;Mercedes-Benz;E-Class;ZAL-8168;1/22/2024
567;Aluin;Wyche;awychefq@acquirethisname.com;322-459-3327;Daihatsu;Charade;EJX-9507;08/08/2024
568;Chevalier;Hearl;chearlfr@cdbaby.com;154-664-3183;Lincoln;Continental;TRW-0702;8/21/2024
569;Eddi;Brisseau;ebrisseaufs@squidoo.com;336-449-7024;Nissan;Versa;TPO-5736;2/28/2024
570;Ly;Tunnah;ltunnahft@mozilla.com;452-957-7565;Chrysler;Concorde;OGH-3144;4/23/2024
571;Anitra;Stranks;astranksfu@usgs.gov;209-912-2675;Nissan;Altima;JNM-0681;1/14/2024
572;Freeman;Hext;fhextfv@time.com;145-512-4999;Ford;Laser;WUJ-5246;12/07/2024
573;Kaleb;Hollow;khollowfw@webeden.co.uk;604-826-6021;Volkswagen;Cabriolet;WBN-4008;7/15/2024
574;Erna;De Zuani;edezuanifx@wsj.com;493-618-8310;Honda;Prelude;TVK-8407;2/19/2024
575;Jordana;Heckney;jheckneyfy@boston.com;846-628-5171;Volvo;S80;ZYV-2082;11/26/2024
576;Colette;Altham;calthamfz@examiner.com;308-935-5220;Chevrolet;Beretta;YFY-8233;12/24/2024
577;Kaine;Kinder;kkinderg0@opera.com;827-399-7668;GMC;2500 Club Coupe;OCU-2372;7/20/2024
578;Ferdinand;Hadwick;fhadwickg1@weebly.com;987-746-3329;Buick;Riviera;ONX-0997;8/24/2024
579;Viva;Maddern;vmadderng2@fc2.com;425-892-2152;Volkswagen;New Beetle;WGY-4974;4/20/2024
580;Lynna;Heeran;lheerang3@shop-pro.jp;921-457-4870;Toyota;Echo;IPK-7854;11/19/2024
581;Betty;Clausen;bclauseng4@youtube.com;702-728-3113;Pontiac;Sunbird;AXJ-3610;01/11/2024
582;Melosa;Pendrill;mpendrillg5@state.tx.us;529-123-2900;Audi;RS 6;LDE-6988;01/09/2025
583;Puff;Lehrer;plehrerg6@fotki.com;577-787-1232;Isuzu;i-280;DEV-5428;2/24/2024
584;Killie;Manuaud;kmanuaudg7@squidoo.com;701-794-9237;Cadillac;XLR;EVZ-2448;01/06/2025
585;Ad;Boner;abonerg8@boston.com;877-722-6631;Pontiac;Gemini;GRA-5518;12/24/2024
586;Pauly;Giovannelli;pgiovannellig9@amazonaws.com;273-678-1458;Nissan;Pathfinder;ZEY-7216;1/18/2024
587;Shelagh;Bexon;sbexonga@google.de;359-245-0481;Audi;Cabriolet;VUO-7109;7/13/2024
588;Clem;Paddemore;cpaddemoregb@posterous.com;234-599-0862;Dodge;Monaco;BAQ-5789;12/10/2024
589;Katina;Dursley;kdursleygc@imgur.com;515-491-7748;Oldsmobile;Cutlass Supreme;RWQ-7365;4/22/2024
590;Giulietta;Oddboy;goddboygd@google.cn;787-906-4994;Nissan;Armada;QPY-5820;12/31/2024
591;Sax;Chapleo;schapleoge@eventbrite.com;646-998-0401;Ford;Focus;GTF-6666;03/12/2024
592;Creighton;Woodburn;cwoodburngf@marketwatch.com;823-841-3548;Pontiac;Tempest;SLO-8989;8/26/2024
593;Cherey;Renshell;crenshellgg@nba.com;801-818-4898;Chevrolet;HHR;IFH-0103;12/24/2024
594;Gwyn;O'Lennachain;golennachaingh@guardian.co.uk;119-248-1340;Nissan;Murano;OTS-5845;11/01/2024
595;Meredeth;Grix;mgrixgi@google.co.uk;326-100-2999;Dodge;Caravan;BQF-2230;11/08/2024
596;Jennilee;Boothe;jboothegj@oakley.com;887-221-1313;Volkswagen;Jetta;LCA-9978;7/16/2024
597;Katlin;Kildale;kkildalegk@dailymail.co.uk;428-421-6826;Mitsubishi;Mirage;CTR-3209;5/15/2024
598;Harriot;Nation;hnationgl@angelfire.com;190-315-5755;Toyota;Camry Hybrid;XJC-0970;5/15/2024
599;Tani;Ianno;tiannogm@cnn.com;465-674-6991;BMW;Z8;DMP-5934;9/27/2024
600;Wald;Bedow;wbedowgn@plala.or.jp;285-588-2510;Ford;Lightning;JGV-9403;2/17/2024
601;Hoebart;Moraleda;hmoraledago@tripod.com;446-196-2830;Audi;100;LGU-5181;10/28/2024
602;Keen;Shakesby;kshakesbygp@opensource.org;475-414-7904;Audi;riolet;XNI-0081;10/04/2024
603;Berton;Cromie;bcromiegq@mediafire.com;329-686-8602;GMC;Savana 1500;HBJ-4013;10/25/2024
604;Damaris;Iwanowicz;diwanowiczgr@arizona.edu;217-394-3082;Saturn;L-Series;MRQ-7336;5/18/2024
605;Mallory;Valentetti;mvalentettigs@ustream.tv;251-115-5498;Chrysler;Imperial;VWM-8605;06/02/2024
606;Marlin;Heymann;mheymanngt@dropbox.com;891-922-6294;Cadillac;Eldorado;ZEK-1137;10/22/2024
607;Connie;Killoran;ckillorangu@apple.com;518-158-1687;Spyker;C8 Laviolette;GCK-4048;11/12/2024
608;Kasey;Marzello;kmarzellogv@wisc.edu;274-820-1256;Infiniti;J;SWX-2970;10/07/2024
609;Jacquelin;Clemmen;jclemmengw@deviantart.com;227-461-4430;Chevrolet;Suburban 2500;GTP-7437;5/19/2024
610;Angeli;Kemell;akemellgx@163.com;185-819-8316;Ford;Ranger;GQO-4386;1/18/2024
611;Germana;Neasam;gneasamgy@cam.ac.uk;152-968-0264;Ford;E-Series;NXL-5323;09/10/2024
612;Shannon;Mussington;smussingtongz@apple.com;869-290-1937;Infiniti;QX;KTN-3088;7/30/2024
613;Ilise;Clappison;iclappisonh0@about.com;124-883-6388;Ford;Ranger;QQE-5386;3/22/2024
614;Allie;Jehu;ajehuh1@so-net.ne.jp;755-646-0311;Jeep;Wrangler;NZK-4227;08/12/2024
615;Anneliese;Vedyasov;avedyasovh2@thetimes.co.uk;331-604-6482;Pontiac;Solstice;MMG-0428;10/19/2024
616;Carmelia;Beston;cbestonh3@jigsy.com;951-283-7018;Ford;F-Series;PRC-1957;1/17/2024
617;Tuck;Kidder;tkidderh4@github.com;981-250-5562;Volvo;960;JYO-7095;12/06/2024
618;Lucina;Okenfold;lokenfoldh5@behance.net;682-299-9691;Hummer;H1;MZT-8878;10/03/2024
619;Teddy;Bretland;tbretlandh6@xinhuanet.com;260-739-4914;Ford;Ranger;ZXC-2118;7/19/2024
620;Gradey;Coytes;gcoytesh7@google.it;454-445-5044;Saab;09-May;VOE-6523;08/08/2024
621;Martica;Dubock;mdubockh8@apache.org;260-190-2931;Ford;Galaxie;FQO-0855;9/13/2024
622;Zachary;Lackey;zlackeyh9@comsenz.com;486-468-4230;Lexus;LS;DAN-3402;10/28/2024
623;Katlin;Nuccitelli;knuccitelliha@fema.gov;669-703-6125;Audi;A8;ZSB-9603;06/06/2024
624;Lefty;Blackstone;lblackstonehb@squidoo.com;390-500-1075;Scion;tC;IXZ-9049;12/19/2024
625;Westbrook;Trumper;wtrumperhc@usnews.com;361-820-6581;BMW;X6;LTY-5114;8/16/2024
626;Neale;Di Carli;ndicarlihd@paginegialle.it;907-205-4390;Mercedes-Benz;SLK-Class;IUV-4873;4/24/2024
627;Thibaut;Birkbeck;tbirkbeckhe@paginegialle.it;;Suzuki;Sidekick;OKN-7319;10/16/2024
628;Arliene;Seth;asethhf@feedburner.com;446-695-6865;Buick;Rainier;LPY-7135;03/09/2024
629;Kamila;Platt;kplatthg@home.pl;719-426-5487;Dodge;Charger;BXZ-8951;11/26/2024
630;Sheelah;Collishaw;scollishawhh@lulu.com;234-894-3141;Aston Martin;V8 Vantage;LFG-9597;3/21/2024
631;Monro;Screase;mscreasehi@amazon.co.uk;848-772-2864;Ford;Escort;BQL-2502;11/12/2024
632;Zena;Moriarty;zmoriartyhj@nymag.com;379-781-8612;Acura;Integra;WAF-5086;3/23/2024
633;Elisa;Mewrcik;emewrcikhk@yale.edu;539-666-3504;Oldsmobile;Bravada;DVV-2935;8/19/2024
634;Opaline;Downey;odowneyhl@dyndns.org;812-690-9303;Bentley;Arnage;GSU-2793;10/03/2024
635;Garey;Nowakowska;gnowakowskahm@ucla.edu;495-553-6865;Chevrolet;Suburban 1500;ACD-0056;8/22/2024
636;Sandy;Natwick;snatwickhn@noaa.gov;768-175-2981;Toyota;T100;QYR-9473;12/15/2024
637;Olag;Rodd;oroddho@guardian.co.uk;429-232-3853;Hyundai;Sonata;EBE-2857;11/18/2024
638;Gerladina;Espino;gespinohp@ezinearticles.com;465-287-1940;Toyota;Avalon;WTN-0045;10/20/2024
639;Estrellita;Johnston;ejohnstonhq@ning.com;709-104-7041;Chevrolet;Beretta;HNV-4416;01/06/2025
640;Ahmed;Franca;afrancahr@amazonaws.com;761-224-7256;Mitsubishi;L300;YCX-0842;07/05/2024
641;Fran;Leonards;fleonardshs@clickbank.net;901-686-6150;Hummer;H3T;SEY-8172;12/10/2024
642;Parsifal;Licquorish;plicquorishht@histats.com;829-366-1459;Chevrolet;3500;XSE-6555;6/19/2024
643;Fabian;Gross;fgrosshu@51.la;128-963-3447;Dodge;Journey;TTM-4815;05/12/2024
644;Marsha;Plaide;mplaidehv@posterous.com;576-109-8766;Chrysler;New Yorker;WHB-9154;5/20/2024
645;Pegeen;Luxford;pluxfordhw@over-blog.com;420-267-5739;Chevrolet;2500;QTZ-8150;9/22/2024
646;Consolata;Peret;cperethx@dion.ne.jp;420-988-0718;Chevrolet;2500;CBL-0982;04/08/2024
647;Stanwood;Forgie;sforgiehy@wikispaces.com;473-958-9794;Chevrolet;Aveo;TQD-7376;10/02/2024
648;Dev;Pretor;dpretorhz@github.io;842-188-7107;Volvo;S60;HIP-8481;04/03/2024
649;Denys;Frickey;dfrickeyi0@tmall.com;952-153-1406;Acura;RL;ITK-7773;11/07/2024
650;Michelina;McKnish;mmcknishi1@ocn.ne.jp;252-343-8529;Chevrolet;Corsica;UBU-8664;2/19/2024
651;Sax;Coneron;sconeroni2@bigcartel.com;236-800-7479;Mazda;RX-7;HNJ-3519;9/30/2024
652;Cirstoforo;Beal;cbeali3@redcross.org;847-857-9876;Ford;E-350 Super Duty Van;SHL-6977;7/30/2024
653;Gustie;Harradine;gharradinei4@123-reg.co.uk;;Ford;GT500;ITR-8117;6/16/2024
654;Bil;Rex;brexi5@samsung.com;289-218-4257;Ford;Thunderbird;JDC-4307;02/10/2024
655;Nonah;Mac Giolla Pheadair;nmacgiollapheadairi6@plala.or.jp;903-300-6857;Kia;Spectra;SWM-4835;2/28/2024
656;Mignonne;Mumm;mmummi7@simplemachines.org;575-350-9720;Volkswagen;Jetta;BZW-2722;07/09/2024
657;Tobiah;Corwin;tcorwini8@mit.edu;791-309-1419;Infiniti;Q;IRC-8502;04/04/2024
658;Laryssa;Reinhardt;lreinhardti9@sitemeter.com;778-858-3839;Daewoo;Leganza;JDY-9678;1/13/2024
659;Cathy;Partlett;cpartlettia@economist.com;968-866-5340;Infiniti;G35;XOP-2319;4/26/2024
660;Trixy;Darracott;tdarracottib@google.pl;770-911-5547;Saab;900;JXH-7392;4/30/2024
661;Bab;Febvre;bfebvreic@edublogs.org;200-443-8184;Ford;F-Series Super Duty;EFR-5256;11/23/2024
662;Tierney;Braithwait;tbraithwaitid@elegantthemes.com;830-275-1751;GMC;Envoy XL;WNY-5752;12/06/2024
663;Sylvan;Bartozzi;sbartozziie@amazon.de;445-636-4909;Dodge;Ram 3500;QHY-3299;6/21/2024
664;Arliene;Shayes;ashayesif@stanford.edu;630-276-2965;Chevrolet;G-Series 1500;YTF-3128;7/26/2024
665;Debee;Duthy;dduthyig@biblegateway.com;780-970-6363;Bentley;Continental Super;YKA-8676;06/09/2024
666;Glynda;Woodcraft;gwoodcraftih@domainmarket.com;949-983-2240;Toyota;TundraMax;FHC-8117;11/03/2024
667;Lory;Wootton;lwoottonii@topsy.com;704-456-0936;Aston Martin;Vanquish S;GTN-7593;4/16/2024
668;Tully;Bowater;tbowaterij@state.gov;952-320-7692;Volkswagen;Type 2;SKN-7054;01/06/2025
669;Binnie;Sharple;bsharpleik@gizmodo.com;;Lincoln;LS;CXF-4975;1/27/2024
670;Care;Vasnev;cvasnevil@netvibes.com;375-676-1811;Mitsubishi;Lancer Evolution;WPZ-0662;08/03/2024
671;Cori;Tackett;ctackettim@bigcartel.com;219-503-1034;Ford;F150;NWN-7852;6/28/2024
672;Sheba;Youle;syoulein@skyrock.com;164-877-4962;Jaguar;XF;XCM-0817;11/04/2024
673;Robinet;Sandbach;rsandbachio@psu.edu;627-528-0171;Buick;Regal;VVS-8915;01/04/2025
674;Kermy;Oake;koakeip@mtv.com;316-191-4780;Dodge;Ram Van B150;ITO-1034;04/06/2024
675;Clem;Schottli;cschottliiq@miibeian.gov.cn;549-918-1192;Geo;Metro;YGN-5663;08/11/2024
676;Husein;Scammell;hscammellir@wikia.com;977-930-5503;GMC;Yukon XL 1500;YLY-4416;10/17/2024
677;Terrel;Mitford;tmitfordis@jimdo.com;926-150-2913;GMC;Yukon;FIK-9245;06/10/2024
678;Baudoin;Sharram;bsharramit@webs.com;;Oldsmobile;Alero;FTK-6122;1/19/2024
679;Mayor;Alexandrescu;malexandrescuiu@cnbc.com;331-447-0696;Oldsmobile;Alero;FRG-0578;2/15/2024
680;Philip;Rosenau;prosenauiv@ow.ly;692-852-3961;Chevrolet;Suburban 1500;AUI-2222;11/03/2024
681;Dusty;Gemelli;dgemelliiw@icio.us;960-692-7775;Chevrolet;Camaro;ULV-0123;11/06/2024
682;Thorstein;Corkill;tcorkillix@photobucket.com;253-623-2244;Chevrolet;2500;MHO-0873;12/22/2024
683;Alberto;Langhorne;alanghorneiy@unicef.org;445-368-3427;Cadillac;DTS;PFT-9020;11/21/2024
684;Mathilda;Jannings;mjanningsiz@wired.com;497-686-5008;GMC;Savana 1500;SFU-2586;12/19/2024
685;Westbrooke;Spavins;wspavinsj0@theatlantic.com;314-450-9165;Cadillac;DeVille;WUY-1233;1/14/2024
686;Mikol;Hawkyens;mhawkyensj1@reddit.com;494-414-4892;Honda;CR-X;OYB-2376;2/23/2024
687;Gay;Emmines;gemminesj2@alibaba.com;908-414-5805;Dodge;Stratus;GQU-8190;11/20/2024
688;Lauryn;Binnion;lbinnionj3@ucoz.ru;302-518-4546;Toyota;Celica;WRB-9196;1/29/2024
689;Gianni;Palfreeman;gpalfreemanj4@salon.com;560-383-3208;Nissan;Pathfinder;BJX-4139;11/21/2024
690;Keefer;Eat;keatj5@businesswire.com;719-541-5338;Saab;900;UYY-6395;11/10/2024
691;Cornie;Georgiades;cgeorgiadesj6@va.gov;756-380-7703;Mitsubishi;Mirage;JPV-6944;08/07/2024
692;Christoforo;Learoid;clearoidj7@smugmug.com;424-280-8245;Dodge;Durango;MYS-9411;3/21/2024
693;Mathe;McGall;mmcgallj8@samsung.com;614-283-4402;Nissan;Altima;PFZ-1047;06/05/2024
694;Aurore;Bownass;abownassj9@squarespace.com;528-473-5450;Mercedes-Benz;400E;WSM-1215;07/05/2024
695;Kacey;Leall;kleallja@sbwire.com;594-702-1100;Cadillac;Seville;VRD-2746;5/15/2024
696;Rosabella;Bernardinelli;rbernardinellijb@w3.org;482-216-0266;Mercury;Mountaineer;KEF-1900;03/12/2024
697;Lon;Mullineux;lmullineuxjc@tripod.com;419-173-1091;GMC;Sierra 2500;TTL-4568;03/12/2024
698;Amby;Zanetello;azanetellojd@google.com.hk;102-746-5613;Pontiac;Grand Prix;VZG-6041;01/03/2025
699;Karalynn;Hartley;khartleyje@accuweather.com;627-455-5074;Pontiac;Firebird;WNS-5291;04/07/2024
700;Monika;Hartas;mhartasjf@ameblo.jp;;Hyundai;Excel;WMB-2333;10/15/2024
701;Faber;Ginman;fginmanjg@sun.com;400-203-9310;Pontiac;GTO;YFL-9219;8/29/2024
702;Michael;Corking;mcorkingjh@acquirethisname.com;866-748-3326;Cadillac;Seville;EGY-3806;1/26/2024
703;Roosevelt;Adamsky;radamskyji@tuttocitta.it;726-175-9333;Toyota;Tacoma;IKA-1085;5/21/2024
704;Laurie;Giovannacc@i;lgiovannaccijj@odnoklassniki.ru;799-110-8136;GMC;Savana 1500;CTP-4760;08/03/2024
705;Addy;Ickovitz;aickovitzjk@marriott.com;953-352-1532;Jeep;Grand Cherokee;XTW-0675;11/25/2024
706;Virge;Jellico;vjellicojl@wikia.com;457-115-3514;Oldsmobile;Achieva;XSX-9952;11/03/2024
707;Devora;Sloan;dsloanjm@skyrock.com;903-316-5433;Audi;A8;SZK-2093;09/11/2024
708;Raven;Fleisch;rfleischjn@printfriendly.com;551-649-3697;Buick;Lucerne;FIA-4169;08/07/2024
709;Dulcia;Pitrollo;dpitrollojo@biblegateway.com;741-563-7715;Mazda;Familia;NUC-2639;1/15/2024
710;Jacinta;Ricciardelli;jricciardellijp@nbcnews.com;886-285-7351;Pontiac;Firefly;VZJ-4190;08/09/2024
711;Min;Crowth;mcrowthjq@wordpress.org;732-467-3042;Dodge;Monaco;DAD-4448;03/09/2024
712;Astrid;Steketee;asteketeejr@gizmodo.com;175-499-0152;Infiniti;QX;BQG-5763;5/24/2024
713;Atlante;Ferrierio;aferrieriojs@bing.com;358-793-9309;Mitsubishi;Mirage;HGO-8233;5/23/2024
714;Tanhya;Whordley;twhordleyjt@list-manage.com;316-339-3930;Ford;Taurus;PCO-2395;8/14/2024
715;Terrijo;Beveredge;tbeveredgeju@virginia.edu;477-972-0184;Lexus;LS;CFM-0256;1/30/2024
716;Colan;Pettican;cpetticanjv@nps.gov;286-498-6817;Kia;Sportage;ZNU-0372;3/15/2024
717;Mirabelle;Hercock;mhercockjw@furl.net;786-698-5624;Cadillac;XLR;DBG-1250;09/09/2024
718;Elspeth;Lathwood;elathwoodjx@reference.com;412-953-0281;Volvo;XC60;KBH-9663;04/07/2024
719;Baillie;Grix;bgrixjy@multiply.com;622-324-8449;Honda;Odyssey;MJY-8372;04/07/2024
720;Thain;Edling;tedlingjz@foxnews.com;402-900-0585;Saturn;VUE;XZU-3721;06/07/2024
721;Mireielle;Coulthard;mcoulthardk0@hibu.com;748-731-1794;Suzuki;Sidekick;IDU-4741;10/31/2024
722;Teena;Myring;tmyringk1@drupal.org;;Honda;Accord;XVX-0735;10/28/2024
723;Cacilie;Feckey;cfeckeyk2@ox.ac.uk;820-252-7778;Kia;Sorento;JEZ-7459;12/20/2024
724;Kania;Petts;kpettsk3@google.de;582-885-4692;Mazda;MX-5;VER-4325;6/27/2024
725;Craig;Vella;cvellak4@exblog.jp;686-906-2601;Scion;xD;RXU-0822;9/17/2024
726;Johanna;Skelbeck;jskelbeckk5@narod.ru;820-205-0497;Pontiac;Montana;WHW-1702;1/29/2024
727;Conrade;Alvar;calvark6@telegraph.co.uk;393-660-0475;Maybach;57;RTO-3587;07/01/2024
728;Mavis;Billam;mbillamk7@weebly.com;825-904-5510;Mitsubishi;Mirage;PFP-3668;03/11/2024
729;Antonius;Gambie;agambiek8@aol.com;198-303-9354;Chevrolet;Caprice;RRK-9732;6/16/2024
730;Kore;Searchwell;ksearchwellk9@sogou.com;997-754-6569;Dodge;Colt;VWT-6714;12/04/2024
731;Ado;Newbury;anewburyka@shop-pro.jp;356-585-5123;Volkswagen;Eurovan;QBZ-9583;10/07/2024
732;Beatriz;Folbigg;bfolbiggkb@pen.io;421-377-7340;Ford;Festiva;NMT-6235;02/02/2024
733;Dorrie;Perks;dperkskc@sitemeter.com;136-837-1705;Dodge;Ram Van 2500;APV-0911;2/16/2024
734;Marinna;Shiers;mshierskd@wikipedia.org;168-188-2502;Nissan;Murano;DOA-1345;10/23/2024
735;Theresa;Karppi;tkarppike@nature.com;847-106-7524;Pontiac;Torrent;RGP-9502;12/24/2024
736;Helli;Tamblingson;htamblingsonkf@blinklist.com;217-136-7213;Chevrolet;Beretta;LGC-8336;10/21/2024
737;Fidel;Brumby;fbrumbykg@microsoft.com;537-963-9027;Ford;F250;VLG-2382;12/05/2024
738;Ferrell;Rao;fraokh@hostgator.com;605-385-3935;Pontiac;Firebird;VKJ-9169;3/29/2024
739;Thea;Winterbotham;twinterbothamki@admin.ch;213-487-7718;Mazda;Mazda5;HAY-0701;05/08/2024
740;Parry;Roscoe;proscoekj@shop-pro.jp;144-476-5019;Volkswagen;Eurovan;XKV-4467;04/05/2024
741;Jeanie;Abrey;jabreykk@list-manage.com;;Acura;NSX;QFD-2060;10/16/2024
742;Celie;Eakens;ceakenskl@wikispaces.com;954-597-6492;Chevrolet;2500;BSL-7282;6/26/2024
743;Aili;Woollhead;awoollheadkm@accuweather.com;869-693-0999;Lexus;LX;PSO-3912;11/23/2024
744;Godart;Hatterslay;ghatterslaykn@liveinternet.ru;292-905-4555;Mitsubishi;Lancer Evolution;YIN-2566;8/25/2024
745;Sigmund;Mulryan;smulryanko@biglobe.ne.jp;865-310-4894;Mazda;MPV;BXP-9888;4/19/2024
746;Loree;Cobelli;lcobellikp@hexun.com;118-514-6945;Nissan;240SX;VHG-1899;9/27/2024
747;Noam;Uc;nuckq@sciencedirect.com;704-729-5182;Chevrolet;Traverse;QAB-0033;02/12/2024
748;Cordie;Allwood;callwoodkr@auda.org.au;477-442-8656;Suzuki;Swift;BNX-6100;4/20/2024
749;Dolph;Jandak;djandakks@theglobeandmail.com;755-526-7439;Honda;Insight;OBP-8313;12/23/2024
750;Ange;Coade;acoadekt@auda.org.au;822-630-2504;Audi;TT;LKN-8208;8/14/2024
751;Maressa;Ruspine;mruspineku@webmd.com;842-748-6545;Buick;Lucerne;STZ-9911;07/07/2024
752;Sarah;Wraxall;swraxallkv@wunderground.com;553-262-8281;Volvo;960;BWQ-8089;9/15/2024
753;Reiko;MacMenamy;rmacmenamykw@mozilla.com;926-521-8977;Subaru;Forester;VMX-1167;09/09/2024
754;Marget;Skoof;mskoofkx@amazonaws.com;315-688-6010;Ford;Taurus;DYB-8749;10/17/2024
755;Aluin;Robardey;arobardeyky@xrea.com;717-455-3278;Ford;Probe;TNJ-9848;5/20/2024
756;Cleveland;Fardoe;cfardoekz@google.nl;909-264-6786;Land Rover;Range Rover;MOC-0524;12/31/2024
757;Gabrila;Ransfield;gransfieldl0@mapy.cz;970-460-9576;Pontiac;Bonneville;YJD-2036;7/21/2024
758;Gearalt;Gabler;ggablerl1@icio.us;749-214-7083;Ford;Escort;JPL-4711;03/09/2024
759;Madelina;Mussard;mmussardl2@ft.com;971-906-2559;Ford;Escort;VVP-3801;11/20/2024
760;Petra;Thornber;pthornberl3@fema.gov;512-198-7280;GMC;Savana Cargo Van;APN-7974;07/07/2024
761;Rania;Griffitt;rgriffittl4@hibu.com;971-849-0627;Suzuki;XL-7;OJX-4747;6/27/2024
762;Lance;Cockman;lcockmanl5@multiply.com;479-727-2351;Toyota;TundraMax;SGD-1825;11/23/2024
763;Flynn;Clulee;fcluleel6@forbes.com;410-431-2506;Hyundai;Accent;KFN-0322;07/11/2024
764;Angelina;Thebes;athebesl7@upenn.edu;530-476-9530;Subaru;Forester;LDK-4759;7/17/2024
765;Rhonda;Boutell;rboutelll8@eventbrite.com;485-309-2971;Ford;E350;YLE-3646;8/15/2024
766;Gabriel;Owthwaite;gowthwaitel9@netvibes.com;388-674-9091;Dodge;Ram Van B250;XVT-3013;1/28/2024
767;Andrea;Ramsden;aramsdenla@columbia.edu;367-380-0882;Saab;9000;JWG-8888;6/28/2024
768;Bailie;Dregan;bdreganlb@blogger.com;123-440-9876;Dodge;Ram Van 3500;FXW-2887;12/03/2024
769;Briant;Yapp;byapplc@princeton.edu;;Ford;Bronco;TLX-7118;12/05/2024
770;Valina;Woolley;vwoolleyld@icio.us;792-243-1407;Volkswagen;Golf;QNZ-6607;3/29/2024
771;Dal;Newtown;dnewtownle@google.com.hk;134-478-3051;Pontiac;Vibe;BCP-9802;3/26/2024
772;Babette;Cocci;bcoccilf@ebay.com;961-272-8063;Ford;F-350 Super Duty;CWG-7924;6/14/2024
773;Ivy;Savory;isavorylg@apache.org;616-538-9467;Buick;Rendezvous;NVC-3285;8/15/2024
774;Clare;Godney;cgodneylh@hp.com;842-877-5157;Audi;S4;VWF-3395;05/10/2024
775;Warde;Boost;wboostli@dailymail.co.uk;486-770-8436;Maserati;228;ZET-1595;11/01/2024
776;Margit;Avramovic;mavramoviclj@economist.com;649-796-2013;Volvo;960;IZV-9746;9/19/2024
777;Warren;Farrah;wfarrahlk@topsy.com;508-252-0103;Buick;Century;UPD-3394;07/01/2024
778;Ronica;Merrikin;rmerrikinll@mit.edu;771-834-7795;Ford;LTD Crown Victoria;XYD-1898;12/03/2024
779;Chloette;Clousley;cclousleylm@examiner.com;661-651-2242;Chevrolet;Corsica;IXE-0811;02/08/2024
780;Engracia;Tuttle;etuttleln@senate.gov;983-824-5451;Audi;A4;OKH-7589;8/26/2024
781;Shell;Burtt;sburttlo@businessweek.com;576-523-2961;Ford;Crown Victoria;RLK-0644;02/02/2024
782;Ado;Succamore;asuccamorelp@hao123.com;222-727-7549;Land Rover;Range Rover;LSO-6498;09/11/2024
783;Louise;Olenov;lolenovlq@blogspot.com;940-773-8650;Suzuki;XL-7;WKW-7971;1/26/2024
784;Jere;Esterbrook;jesterbrooklr@marriott.com;205-171-0029;BMW;7 Series;GTH-1608;7/21/2024
785;Wyndham;Tonkinson;wtonkinsonls@huffingtonpost.com;250-955-5493;Mercedes-Benz;CL-Class;IJK-8544;12/24/2024
786;Fonz;Potbury;fpotburylt@taobao.com;748-505-1046;Hyundai;Tiburon;ZIK-4658;6/16/2024
787;Elladine;Kinzel;ekinzellu@harvard.edu;905-350-3338;Chevrolet;Cavalier;JND-4134;05/03/2024
788;Perle;Seale;psealelv@tiny.cc;471-137-6660;Chevrolet;Express;PMX-9406;09/10/2024
789;Arda;Gerger;agergerlw@fc2.com;511-324-0347;Pontiac;Montana;DEO-1976;12/03/2024
790;Brnaby;Rumke;brumkelx@g.co;339-822-8458;Dodge;Ram 3500;FDX-4481;04/05/2024
791;Opaline;Baxstar;obaxstarly@pcworld.com;352-791-0526;Ford;Thunderbird;XGU-0220;02/03/2024
792;Patsy;Vasilchenko;pvasilchenkolz@rakuten.co.jp;573-359-4863;Infiniti;FX;ZSQ-5791;2/15/2024
793;Towny;Fairbrass;tfairbrassm0@furl.net;413-118-9255;Volkswagen;GLI;QFX-4961;9/17/2024
794;Bobinette;Van Oort;bvanoortm1@blogspot.com;229-519-5291;Pontiac;Bonneville;FFC-7983;9/20/2024
795;Emlynne;Emanulsson;eemanulssonm2@addtoany.com;469-665-8181;Buick;LeSabre;KJX-0553;09/01/2024
796;Merell;Pull;mpullm3@cafepress.com;554-481-8590;Suzuki;XL-7;WHR-3843;12/27/2024
797;Gae;Liebermann;gliebermannm4@mtv.com;928-569-6398;Bugatti;Veyron;HYH-2264;11/05/2024
798;Myrlene;Rashleigh;mrashleighm5@forbes.com;216-142-9034;Cadillac;Escalade;ZRI-4702;2/20/2024
799;Gus;Lilbourne;glilbournem6@yelp.com;715-491-5990;Hummer;H1;UQK-0526;04/06/2024
800;Kip;Caile;kcailem7@epa.gov;723-143-4232;Maserati;Quattroporte;XMH-2738;7/14/2024
801;Jermain;Runnacles;jrunnaclesm8@storify.com;757-215-0667;Lincoln;Town Car;GXO-3073;6/24/2024
802;Rosabella;Bendixen;rbendixenm9@diigo.com;438-664-0575;Chrysler;PT Cruiser;CHQ-0684;09/01/2024
803;Mozes;Stanney;mstanneyma@arizona.edu;999-338-9183;Acura;Vigor;ODL-4109;07/08/2024
804;Maighdiln;Fobidge;mfobidgemb@dmoz.org;372-360-8176;Ford;Expedition;PZO-5188;12/18/2024
805;Colan;Halliwell;challiwellmc@symantec.com;803-803-7290;Subaru;Outback Sport;DCV-0682;10/24/2024
806;Daron;Birch;dbirchmd@nbcnews.com;745-253-6145;Chevrolet;Silverado 3500;TVQ-6519;2/28/2024
807;Nadia;Boyce;nboyceme@hatena.ne.jp;220-915-6523;Dodge;Grand Caravan;RIG-2463;1/31/2024
808;Devin;Dodgshun;ddodgshunmf@virginia.edu;691-833-6745;Mitsubishi;Raider;VXX-6724;2/24/2024
809;Alfonse;Dunbleton;adunbletonmg@altervista.org;911-786-2633;Volkswagen;Passat;ONC-4113;1/31/2024
810;Brodie;Cosgreave;bcosgreavemh@webs.com;243-619-2995;Ford;Probe;HCP-4040;06/06/2024
811;Tierney;Gaywood;tgaywoodmi@stanford.edu;750-653-5522;Land Rover;Discovery;QWL-9439;03/02/2024
812;Judith;Maliphant;jmaliphantmj@omniture.com;695-926-8700;Lexus;GX;SLI-2586;8/26/2024
813;Corny;Allcock;callcockmk@acquirethisname.com;483-268-0032;Chevrolet;Camaro;PDE-9920;10/17/2024
814;Francine;Cloute;fclouteml@wisc.edu;644-126-4802;Mitsubishi;Montero;NYK-8780;08/02/2024
815;Bianca;Red;bredmm@noaa.gov;845-863-9195;Volvo;740;AUY-3973;03/09/2024
816;Wit;Crossfeld;wcrossfeldmn@walmart.com;286-298-9553;GMC;Rally Wagon 2500;ZTW-7000;6/26/2024
817;Theresina;Gobel;tgobelmo@hatena.ne.jp;607-459-6234;GMC;Yukon XL 2500;DGD-1586;11/05/2024
818;Toddie;Grene;tgrenemp@toplist.cz;348-988-6981;Mazda;Familia;VUS-0780;4/29/2024
819;Rhonda;Curmi;rcurmimq@symantec.com;216-182-9008;Dodge;Dakota Club;FKG-2950;02/07/2024
820;Augustin;Heynel;aheynelmr@icio.us;;Acura;SLX;MEP-6707;5/20/2024
821;Ethe;Gerardot;egerardotms@ebay.com;746-226-2476;Isuzu;Ascender;BHI-6025;2/28/2024
822;Yvor;Band;ybandmt@adobe.com;799-235-5260;Lotus;Elan;IMT-0858;04/06/2024
823;Margo;Serrell;mserrellmu@wufoo.com;387-112-7720;Oldsmobile;Silhouette;QJA-5555;05/03/2024
824;Melantha;Shelton;msheltonmv@sourceforge.net;294-411-9743;Mazda;MX-6;CZQ-0936;04/05/2024
825;Nicoline;Wilding;nwildingmw@businessinsider.com;971-716-0733;Kia;Rio5;HPK-4372;5/16/2024
826;Ilka;Buckingham;ibuckinghammx@auda.org.au;;Ford;Escort;WFT-9703;10/05/2024
827;Stefan;Castiblanco;scastiblancomy@twitpic.com;785-370-0995;Chevrolet;Corvette;XQI-0720;11/02/2024
828;Tannie;Hook;thookmz@vistaprint.com;940-488-5276;Pontiac;Trans Sport;FEW-2657;7/24/2024
829;Vanny;Landreth;vlandrethn0@ameblo.jp;967-616-3008;Nissan;Sentra;NZK-8423;12/07/2024
830;Hodge;Simmonite;hsimmoniten1@mozilla.org;282-755-5218;Honda;Odyssey;EBZ-6762;4/25/2024
831;Khalil;Pierse;kpiersen2@economist.com;328-155-0860;Chevrolet;Cavalier;IFC-1206;5/17/2024
832;Emmaline;Oakenfield;eoakenfieldn3@t-online.de;122-848-6444;Land Rover;Range Rover;DXO-6596;8/21/2024
833;Skipper;Dewane;sdewanen4@businesswire.com;393-999-9313;Lexus;ES;ASQ-6956;1/31/2024
834;Irwinn;McGarvie;imcgarvien5@netscape.com;807-331-8665;BMW;5 Series;YCG-9450;04/02/2024
835;Suki;Warrier;swarriern6@sogou.com;266-840-3387;Ford;Thunderbird;CSV-2571;05/03/2024
836;Korie;O'Gorman;kogormann7@youtu.be;165-857-7922;Pontiac;Grand Prix;EOU-8094;1/23/2024
837;Audi;Boomes;aboomesn8@eepurl.com;795-684-4114;Mitsubishi;Pajero;SOF-1384;12/31/2024
838;Nahum;Sterling;nsterlingn9@bing.com;715-611-3634;Toyota;Prius;QFZ-7761;7/14/2024
839;Saba;Rains;srainsna@va.gov;108-257-4403;Audi;Coupe GT;ACX-0382;02/05/2024
840;Margi;Laight;mlaightnb@auda.org.au;;Dodge;Dakota;WSA-6283;2/16/2024
841;Mel;Beeze;mbeezenc@cmu.edu;279-551-4101;Honda;Accord;FOZ-8863;11/25/2024
842;Quintin;Chevin;qchevinnd@ebay.com;222-161-5792;Volkswagen;Golf;FYT-7541;9/14/2024
843;Lurleen;Benoey;lbenoeyne@photobucket.com;553-777-6929;Dodge;Viper RT/10;FFP-1119;06/05/2024
844;Merci;Aimeric;maimericnf@pagesperso-orange.fr;764-934-0281;Ford;Probe;BXJ-6655;01/09/2025
845;Hasty;Domelaw;hdomelawng@vistaprint.com;765-273-1087;Chevrolet;Venture;WAE-3900;12/12/2024
846;Marlo;Milan;mmilannh@marriott.com;272-999-4543;Austin;Mini;YIZ-7251;10/16/2024
847;Matti;Najafian;mnajafianni@blogtalkradio.com;648-190-7013;Oldsmobile;Achieva;SJK-9744;4/21/2024
848;Vinni;Ziemecki;vziemeckinj@jiathis.com;501-822-1299;Hyundai;Veracruz;AMB-9237;09/12/2024
849;Adlai;McKibbin;amckibbinnk@columbia.edu;578-105-0185;Mazda;929;KGH-4887;03/09/2024
850;Wilow;Evett;wevettnl@theguardian.com;740-408-8773;Pontiac;Montana;WDU-7547;08/05/2024
851;Ruthanne;Worgan;rworgannm@mapquest.com;431-791-5086;Lexus;IS F;FZP-4188;9/23/2024
852;Alejandro;Dowry;adowrynn@chron.com;530-709-1186;Subaru;Leone;YDR-1643;7/21/2024
853;Rowena;Storror;rstorrorno@washingtonpost.com;877-770-3342;Mercedes-Benz;Sprinter 2500;Aug-43;9/16/2024
854;Dawn;Jerg;djergnp@ebay.co.uk;528-347-9727;Suzuki;Swift;ZVJ-1544;2/18/2024
855;Carleen;Hasney;chasneynq@smh.com.au;398-446-0138;Volkswagen;CC;XLF-7116;02/08/2024
856;Maritsa;Bogue;mboguenr@studiopress.com;802-403-9551;Toyota;Supra;LNX-4547;4/25/2024
857;Perri;Ferraraccio;pferraraccions@unblog.fr;857-388-4414;BMW;7 Series;LKC-6394;9/15/2024
858;Willabella;Denham;wdenhamnt@telegraph.co.uk;210-381-2408;Ferrari;458 Italia;XXT-9253;04/01/2024
859;Anabelle;McGuckin;amcguckinnu@jimdo.com;246-853-8901;Ford;LTD Crown Victoria;DDV-1645;7/26/2024
860;Maye;Varren;mvarrennv@diigo.com;785-220-9806;Pontiac;Sunfire;XNL-4655;11/24/2024
861;Haven;Chatelot;hchatelotnw@mozilla.com;472-125-3332;Chevrolet;G-Series 2500;RFZ-2545;6/30/2024
862;Kevina;Peacham;kpeachamnx@printfriendly.com;722-648-4691;Ford;Taurus;LEK-9898;10/08/2024
863;Dicky;Dollimore;ddollimoreny@home.pl;912-518-3500;Porsche;Boxster;JTI-4117;12/21/2024
864;Larine;Atley;latleynz@skyrock.com;317-178-3964;Nissan;Pathfinder;AZE-5164;5/26/2024
865;Hugo;Kier;hkiero0@msu.edu;864-427-7665;Lincoln;Town Car;NLM-7807;11/27/2024
866;Abbott;Crannell;acrannello1@icq.com;351-174-9330;Chevrolet;Express 2500;FZE-4572;12/15/2024
867;Rodolphe;Poe;rpoeo2@icq.com;511-480-9323;Chevrolet;Silverado 2500;ZDI-4611;12/12/2024
868;Jobi;Heckle;jheckleo3@reddit.com;162-913-9801;Audi;4000CS Quattro;LYF-9213;3/25/2024
869;Rodolph;Grebner;rgrebnero4@dot.gov;379-478-8698;Volvo;960;VJR-1080;10/02/2024
870;Ringo;Manolov;rmanolovo5@4shared.com;485-191-2133;Jeep;Grand Cherokee;VOQ-4665;03/01/2024
871;Iain;McKinstry;imckinstryo6@pinterest.com;290-464-3181;Nissan;Altima;MIR-9291;8/23/2024
872;Jonah;Ennion;jenniono7@elegantthemes.com;344-945-8791;Audi;Allroad;PMI-7581;11/29/2024
873;Lev;McCay;lmccayo8@sohu.com;628-688-6693;Suzuki;XL-7;CQD-0859;7/15/2024
874;Donall;Reedshaw;dreedshawo9@cloudflare.com;199-308-3803;Kia;Soul;MUO-1425;7/13/2024
875;Kacey;Grimbleby;kgrimblebyoa@army.mil;100-762-4702;Mercedes-Benz;E-Class;KDK-2475;4/25/2024
876;Heinrick;Peirson;hpeirsonob@amazon.com;845-823-4412;Suzuki;SX4;RFG-1630;09/11/2024
877;Aubert;Goschalk;agoschalkoc@biblegateway.com;399-897-1557;Pontiac;Montana;OCO-8898;10/05/2024
878;Dalton;Swinnard;dswinnardod@home.pl;365-832-6980;Lotus;Elise;TXY-0428;1/28/2024
879;Chiquia;Novichenko;cnovichenkooe@jalbum.net;384-846-2314;Toyota;Solara;QME-0987;11/21/2024
880;Aarika;Mayo;amayoof@mysql.com;428-206-9304;Lamborghini;Gallardo;XDN-8696;6/16/2024
881;Ebeneser;Shippam;eshippamog@freewebs.com;604-422-1379;Cadillac;Fleetwood;AGX-2206;01/08/2025
882;Melba;Blackler;mblackleroh@1688.com;919-905-6312;Maybach;62;UZJ-1188;9/29/2024
883;Luisa;Piers;lpiersoi@slashdot.org;478-661-1078;Subaru;Forester;HDV-2769;9/28/2024
884;Ailey;Fermin;aferminoj@aboutads.info;993-743-4000;Chevrolet;Suburban 1500;TYZ-3293;10/30/2024
885;Deanna;Boyford;dboyfordok@flickr.com;286-810-7121;Hummer;H1;GVO-4098;4/13/2024
886;Marje;Cecere;mcecereol@blogs.com;149-199-8300;Audi;A3;UQD-0534;7/21/2024
887;Sherilyn;Regan;sreganom@thetimes.co.uk;447-488-8205;Suzuki;Aerio;PJO-3808;06/12/2024
888;Willie;Murgatroyd;wmurgatroydon@posterous.com;784-388-9540;Chevrolet;Lumina;LVB-2729;10/09/2024
889;Olive;Dignan;odignanoo@timesonline.co.uk;;Acura;NSX;JCB-4813;01/10/2024
890;Bobby;Ambrogini;bambroginiop@skyrock.com;614-257-1970;Chevrolet;Blazer;WMF-9743;03/12/2024
891;Zachary;Manhood;zmanhoodoq@jimdo.com;476-870-0296;Acura;RSX;AAH-2503;12/14/2024
892;Rickard;Bowlands;rbowlandsor@hexun.com;619-681-4106;Acura;RL;LIC-7112;7/23/2024
893;Hamid;Salter;hsalteros@microsoft.com;767-149-8839;Ford;Expedition;LKV-3056;04/02/2024
894;Rikki;Abelovitz;rabelovitzot@fotki.com;567-811-0119;GMC;Savana 3500;SRI-1493;3/28/2024
895;Karena;Scrange;kscrangeou@skyrock.com;909-711-2123;BMW;X5 M;MVL-2941;08/11/2024
896;Torrie;O'Leary;tolearyov@unicef.org;849-688-9380;Nissan;Maxima;OEN-2111;3/28/2024
897;Kerry;Flye;kflyeow@tmall.com;235-597-8594;Dodge;Ram 2500 Club;ZHW-7675;8/23/2024
898;Lin;Grimley;lgrimleyox@mediafire.com;750-466-3162;Chevrolet;Camaro;NHU-9343;2/20/2024
899;Basile;Reinhardt;breinhardtoy@reference.com;756-308-9765;Toyota;Prius;DYA-9716;12/30/2024
900;Teador;Breacher;tbreacheroz@tinyurl.com;326-852-0180;Nissan;Murano;YWP-1280;06/05/2024
901;Dorey;Allery;dalleryp0@comsenz.com;;Mercury;Capri;PGR-2343;3/24/2024
902;Susan;Ace;sacep1@netlog.com;484-800-4991;Mercury;Grand Marquis;ALT-6563;09/08/2024
903;Griff;Ugoletti;gugolettip2@princeton.edu;598-165-4887;Chevrolet;Corvette;ZKM-2881;9/21/2024
904;Dot;Petrik;dpetrikp3@java.com;827-663-1081;Nissan;200SX;KLA-3716;5/22/2024
905;Dore;Corfield;dcorfieldp4@oracle.com;556-997-5647;Toyota;MR2;HGH-9603;10/20/2024
906;Lorrie;Peploe;lpeploep5@about.com;516-787-1338;Cadillac;CTS;OOQ-3120;8/25/2024
907;Ellery;Rigate;erigatep6@delicious.com;878-918-0731;Land Rover;Range Rover;IVJ-9334;08/08/2024
908;Madeline;Worge;mworgep7@livejournal.com;803-666-0035;Pontiac;Sunfire;RJR-7275;9/22/2024
909;Stu;Lippini;slippinip8@statcounter.com;109-975-6363;Volvo;S80;BRT-7477;4/17/2024
910;Riki;Derycot;rderycotp9@youku.com;568-628-2735;Chevrolet;G-Series G30;OSC-5096;11/28/2024
911;Chrissy;Grahame;cgrahamepa@opera.com;508-544-5421;Lincoln;MKZ;CXR-7083;09/08/2024
912;Gill;Shout;gshoutpb@msn.com;;Mercury;Topaz;NET-1463;07/10/2024
913;Quint;Klejna;qklejnapc@stumbleupon.com;214-670-3654;Lexus;HS;BJU-8961;4/17/2024
914;Edgard;Renton;erentonpd@ning.com;443-483-3888;Lexus;RX;BQV-2268;7/20/2024
915;Everett;Matkovic;ematkovicpe@who.int;206-364-9485;Mazda;B-Series;LHN-5433;06/11/2024
916;Chrissie;Ivanin;civaninpf@mit.edu;954-524-5134;Hyundai;Tucson;AZF-7993;06/12/2024
917;Evonne;Birkbeck;ebirkbeckpg@printfriendly.com;197-295-8162;Lincoln;Mark LT;PPY-0360;3/18/2024
918;Filip;Adriani;fadrianiph@mapquest.com;;Subaru;Tribeca;DLB-0852;1/14/2024
919;Desiree;Maskrey;dmaskreypi@google.nl;484-252-8899;Land Rover;Freelander;YAL-4943;10/30/2024
920;Calli;Heiss;cheisspj@wikia.com;636-375-0632;Cadillac;Escalade ESV;WJW-3330;11/14/2024
921;Vitia;Seson;vsesonpk@disqus.com;291-500-1638;Bentley;Continental GT;QZI-7765;2/29/2024
922;Maude;O'Gorman;mogormanpl@php.net;923-343-4084;Ford;Festiva;BQZ-0027;05/03/2024
923;Ricky;Pevreal;rpevrealpm@telegraph.co.uk;638-148-2224;Toyota;Prius;YHE-0769;2/19/2024
924;Marion;Brussels;mbrusselspn@blog.com;450-421-7376;Buick;Electra;JTM-8956;05/02/2024
925;Anastasia;Tenaunt;atenauntpo@1und1.de;109-182-8486;Volkswagen;GTI;BAX-3716;1/19/2024
926;Jessee;Esley;jesleypp@gnu.org;296-765-1182;Lexus;SC;EKM-5551;02/11/2024
927;Arney;Wilby;awilbypq@about.me;727-841-5525;Ferrari;599 GTB Fiorano;OGM-6618;9/25/2024
928;Hadrian;Gallandre;hgallandrepr@eventbrite.com;229-734-7179;Subaru;Legacy;GJJ-0505;4/30/2024
929;Edward;Ben-Aharon;ebenaharonps@springer.com;593-495-1687;Ford;Focus;GHC-6420;11/23/2024
930;Viva;Lisle;vlislept@opera.com;680-667-5962;Toyota;Land Cruiser;PFC-6785;10/07/2024
931;Car;Opdenorth;copdenorthpu@redcross.org;284-573-5542;Saab;900;OGA-8828;03/11/2024
932;Eirena;Clendennen;eclendennenpv@opera.com;617-896-1281;Chevrolet;Silverado 2500;AGR-2574;7/25/2024
933;Maighdiln;Carradice;mcarradicepw@chicagotribune.com;387-860-8684;Chevrolet;Corvette;UER-4984;8/15/2024
934;Taber;Seide;tseidepx@de.vu;368-649-2305;Lincoln;Town Car;DRT-8754;9/24/2024
935;Mellie;Strasse;mstrassepy@lulu.com;757-207-7581;Isuzu;i-Series;GCL-2419;3/16/2024
936;Greg;Jeanel;gjeanelpz@marriott.com;554-694-7125;Buick;LaCrosse;QCO-9610;8/13/2024
937;Aliza;Bestar;abestarq0@ucsd.edu;;Pontiac;GTO;SXJ-8062;5/26/2024
938;Sisely;Hulles;shullesq1@alexa.com;588-785-1831;Volvo;S80;XKG-2447;02/06/2024
939;Bel;Parnham;bparnhamq2@google.cn;921-486-8898;Mazda;929;GER-1083;3/14/2024
940;Leontine;Kenryd;lkenrydq3@tinypic.com;501-523-8108;Honda;Passport;VAN-4065;09/08/2024
941;Donn;McGarry;dmcgarryq4@goo.ne.jp;414-324-3852;Nissan;Quest;FKK-0873;03/04/2024
942;Ibrahim;Wellen;iwellenq5@privacy.gov.au;583-219-6883;Chevrolet;Camaro;SCC-7989;7/17/2024
943;Maximilian;Thickett;mthickettq6@goo.ne.jp;368-971-4537;Chrysler;300M;VRV-1828;7/19/2024
944;Orlan;Uphill;ouphillq7@trellian.com;790-177-8482;Infiniti;G;FMM-9902;05/02/2024
945;Alexia;Osbidston;aosbidstonq8@smh.com.au;970-454-5815;GMC;Sierra 2500;BBV-4542;10/18/2024
946;Ardelis;Brach;abrachq9@mapquest.com;985-257-0018;Volkswagen;Jetta;EMV-5348;10/27/2024
947;Merline;Reditt;mredittqa@amazon.co.jp;941-514-0753;Aston Martin;Vantage;HHI-0927;10/26/2024
948;Ketti;Sictornes;ksictornesqb@senate.gov;264-192-8434;Ford;Explorer;IWV-5588;09/12/2024
949;Stephenie;Armytage;sarmytageqc@google.fr;136-877-3946;Chrysler;LHS;XIW-9008;02/12/2024
950;Chevy;Patty;cpattyqd@bandcamp.com;500-415-5080;Chevrolet;Suburban 1500;MPG-2735;3/26/2024
951;Shelia;Aylwin;saylwinqe@berkeley.edu;185-719-5687;Morgan;Aero 8;LQI-4407;7/30/2024
952;Anna;Gooderson;agoodersonqf@opensource.org;112-579-0321;Dodge;Challenger;DVT-3859;07/12/2024
953;Gustavus;Pack;gpackqg@bbc.co.uk;415-636-2647;Cadillac;Eldorado;LME-3380;10/03/2024
954;Paule;Twigley;ptwigleyqh@netlog.com;;Chevrolet;Express 1500;TIO-8006;3/24/2024
955;Fernandina;Vasilic;fvasilicqi@tuttocitta.it;609-227-9097;Suzuki;SX4;XYC-2940;10/27/2024
956;Lishe;Point;lpointqj@google.pl;848-123-7262;Audi;Quattro;TKF-0270;9/24/2024
957;Mikael;Kynan;mkynanqk@networkadvertising.org;465-170-7624;Pontiac;Bonneville;XQZ-4935;09/08/2024
958;Estelle;Tuffield;etuffieldql@guardian.co.uk;178-492-8977;Volkswagen;Cabriolet;RYO-8995;01/11/2024
959;Adrianna;Danahar;adanaharqm@seesaa.net;896-648-3838;Nissan;Quest;ZLJ-9660;11/08/2024
960;Bendick;Corkill;bcorkillqn@buzzfeed.com;393-536-1839;Lincoln;MKX;KTK-7571;5/27/2024
961;Ritchie;Alfonsini;ralfonsiniqo@go.com;570-808-2594;Ford;F250;FOV-1144;12/07/2024
962;Cammi;Persse;cpersseqp@cbslocal.com;313-350-6003;Toyota;Matrix;GNB-0277;05/10/2024
963;Boony;Atlee;batleeqq@smh.com.au;427-678-2032;Ford;Contour;AOC-5071;12/21/2024
964;Roddy;Gownge;rgowngeqr@theglobeandmail.com;783-806-2373;Ford;Laser;YWJ-2227;11/14/2024
965;Nada;Boniface;nbonifaceqs@t-online.de;604-469-7174;Honda;Pilot;SDO-3275;12/27/2024
966;Lu;Pock;lpockqt@harvard.edu;514-611-6605;Honda;Odyssey;GKC-9547;08/07/2024
967;Blanche;Andrassy;bandrassyqu@example.com;117-278-1228;BMW;M5;LWC-9636;9/23/2024
968;Neille;Di Gregorio;ndigregorioqv@webmd.com;785-581-0465;Isuzu;Trooper;RJJ-1868;3/21/2024
969;Stephana;Brownjohn;sbrownjohnqw@mediafire.com;231-498-5885;BMW;325;MER-9110;12/06/2024
970;Farrel;Lennarde;flennardeqx@goo.ne.jp;874-247-4918;Audi;S4;QID-9133;5/13/2024
971;Brandi;Readwin;breadwinqy@ucoz.ru;292-396-5737;Ford;Expedition;QXF-7798;2/16/2024
972;Loni;Dempsey;ldempseyqz@cpanel.net;671-803-0358;Honda;Accord;DVO-0896;5/17/2024
973;Torre;Gocke;tgocker0@washingtonpost.com;103-786-6270;Shelby;GT500;UNC-5054;09/09/2024
974;Kayne;Weatherhead;kweatherheadr1@wikipedia.org;695-711-3270;Saab;09-Mar;MDB-5289;12/09/2024
975;Lind;Dorow;ldorowr2@abc.net.au;377-311-4916;Jeep;Wrangler;OUB-7175;06/07/2024
976;Barn;Quenby;bquenbyr3@google.co.uk;522-498-8734;Lincoln;Town Car;VVC-1139;3/20/2024
977;Bobby;Rodway;brodwayr4@miibeian.gov.cn;228-927-8171;GMC;Sonoma Club Coupe;UYE-3903;3/21/2024
978;Flss;Dessent;fdessentr5@census.gov;266-463-4799;Honda;Pilot;KHR-9422;12/02/2024
979;Ulrich;Kapelhoff;ukapelhoffr6@people.com.cn;300-191-2379;Plymouth;Voyager;GNA-3740;6/24/2024
980;Abeu;Kobieriecki;akobierieckir7@zimbio.com;857-401-4599;Mitsubishi;Mirage;HWV-0793;2/20/2024
981;Kristel;Merkle;kmerkler8@scientificamerican.com;352-723-7837;Isuzu;i-370;XBB-5010;8/29/2024
982;Valeda;Phipard-Shears;vphipardshearsr9@sogou.com;299-687-1467;Volkswagen;Fox;ZBB-7595;12/04/2024
983;Shane;Hutcheons;shutcheonsra@miitbeian.gov.cn;631-332-8844;Ford;Bronco II;DUJ-3844;5/27/2024
984;Yettie;Lilly;ylillyrb@youtube.com;271-267-4501;Geo;Metro;EGU-2167;8/29/2024
985;Joice;Start;jstartrc@vimeo.com;848-818-3078;Pontiac;6000;XYX-0566;4/28/2024
986;Joy;Mattityahou;jmattityahourd@cisco.com;258-258-4810;Buick;Special;EAK-5116;5/31/2024
987;Vere;Wealthall;vwealthallre@51.la;268-728-8814;Land Rover;Range Rover Sport;BHD-5502;06/11/2024
988;Monti;Goodinson;mgoodinsonrf@live.com;825-582-8500;Chevrolet;SSR;MVL-9641;6/15/2024
989;Anthiathia;Skepper;askepperrg@bigcartel.com;467-330-8571;Chevrolet;Lumina;XSU-8021;09/07/2024
990;Steffi;Chuck;schuckrh@photobucket.com;712-516-8952;Mercury;Sable;XFB-4178;01/04/2025
991;Mack;Ruberti;mrubertiri@jimdo.com;826-922-0109;Ford;Ranger;BOY-2472;2/23/2024
992;Dell;Catling;dcatlingrj@time.com;277-691-5572;Spyker;C8 Double 12 S;OXW-8432;12/21/2024
993;Bernita;Rosedale;brosedalerk@tuttocitta.it;538-900-1503;Dodge;Avenger;BGA-5771;01/04/2025
994;June;Gounel;jgounelrl@intel.com;470-693-6144;Chrysler;Town & Country;CLD-5749;09/04/2024
995;Neille;Cullerne;ncullernerm@networkadvertising.org;695-596-2730;Acura;MDX;MSC-6189;09/09/2024
996;Freida;Harrinson;fharrinsonrn@utexas.edu;536-408-7210;Volkswagen;Corrado;TFO-6536;12/05/2024
997;Delila;MacLucais;dmaclucaisro@epa.gov;604-832-8265;Kia;Optima;XLL-4427;08/11/2024
998;Joly;Robichon;jrobichonrp@sohu.com;220-489-9038;Ford;Mustang;RXB-5633;2/29/2024
999;Leonore;Abazi;labazirq@gravatar.com;976-494-3371;Daewoo;Lanos;QYB-7733;12/15/2024
1000;Gardener;Vater;gvaterrr@businesswire.com;661-164-9473;Isuzu;VehiCROSS;LGW-8293;4/20/2024
